rank,line_id,line_name,train,direction,first_stop,counted_departure,peak_load,peak_load_stop,peak_load_time,weekday_boardings,fall_2026_status,fall_2026_train,fall_2026_departure,departure_difference_minutes
1,CR-Providence,Providence/Stoughton Line,829,Outbound,South Station,17:40,1064,Ruggles,17:49,1110,operated,867,17:37,3
2,CR-Franklin,Franklin/Foxboro Line,723,Outbound,South Station,16:27,1036,Ruggles,16:36,1068,operated,759,16:27,0
3,CR-Franklin,Franklin/Foxboro Line,706,Inbound,Forge Park/495,07:23,979,Readville,08:10,1041,operated,718,07:23,0
4,CR-Kingston,Kingston Line,59,Outbound,South Station,17:33,945,JFK/UMass,17:39,963,operated,1031,17:30,3
5,CR-Providence,Providence/Stoughton Line,808,Inbound,Providence,07:10,907,Route 128,08:01,951,operated,818,07:10,0
6,CR-Needham,Needham Line,606,Inbound,Needham Heights,08:05,896,Forest Hills,08:34,914,operated,620,08:05,0
6,CR-Providence,Providence/Stoughton Line,827,Outbound,South Station,16:52,896,Ruggles,17:01,938,operated,861,16:52,0
8,CR-Franklin,Franklin/Foxboro Line,725,Outbound,South Station,17:05,891,Ruggles,17:14,938,operated,763,17:05,0
9,CR-Providence,Providence/Stoughton Line,883,Outbound,South Station,17:00,890,Ruggles,17:08,923,operated,963,17:00,0
10,CR-Middleborough,Middleborough/Lakeville Line,6,Inbound,Middleborough/Lakeville,06:50,872,Quincy Center,07:32,927,not operated,,,
11,CR-Providence,Providence/Stoughton Line,806,Inbound,Wickford Junction,06:02,857,Sharon,07:10,931,operated,814,06:02,0
12,CR-Providence,Providence/Stoughton Line,825,Outbound,South Station,16:20,813,Ruggles,16:28,847,operated,857,16:20,0
13,CR-Middleborough,Middleborough/Lakeville Line,21,Outbound,South Station,16:55,812,JFK/UMass,17:01,857,not operated,,,
14,CR-Kingston,Kingston Line,44,Inbound,Kingston,07:25,808,Quincy Center,08:07,840,operated,1012,07:23,2
15,CR-Worcester,Framingham/Worcester Line,584,Inbound,Framingham,07:25,798,Boston Landing,08:04,913,operated,1516,07:21,4
16,CR-Worcester,Framingham/Worcester Line,508,Inbound,Grafton,07:20,791,Boston Landing,08:12,840,not operated,,,
17,CR-Providence,Providence/Stoughton Line,864,Inbound,Stoughton,07:15,786,Hyde Park,07:35,813,operated,914,07:15,0
18,CR-Worcester,Framingham/Worcester Line,529,Outbound,South Station,17:30,772,Lansdowne,17:41,850,operated,565,17:30,0
19,CR-Worcester,Framingham/Worcester Line,525,Outbound,South Station,16:00,761,Lansdowne,16:11,863,operated,553,16:00,0
20,CR-Needham,Needham Line,623,Outbound,South Station,16:55,756,Ruggles,17:03,777,operated,661,16:55,0
21,CR-Providence,Providence/Stoughton Line,810,Inbound,Wickford Junction,07:02,752,Sharon,08:10,825,operated,820,07:02,0
22,CR-Middleborough,Middleborough/Lakeville Line,8,Inbound,Middleborough/Lakeville,07:50,722,Quincy Center,08:32,746,not operated,,,
23,CR-Greenbush,Greenbush Line,74,Inbound,Greenbush,07:07,684,Quincy Center,07:50,695,not operated,,,
24,CR-Worcester,Framingham/Worcester Line,527,Outbound,South Station,16:45,670,Lansdowne,16:56,718,operated,559,16:45,0
24,CR-Providence,Providence/Stoughton Line,866,Inbound,Stoughton,08:12,670,Hyde Park,08:32,676,operated,920,08:12,0
26,CR-Worcester,Framingham/Worcester Line,595,Outbound,South Station,16:55,664,Lansdowne,17:06,728,operated,1561,16:55,0
27,CR-Needham,Needham Line,604,Inbound,Needham Heights,07:05,660,Forest Hills,07:34,674,operated,614,07:05,0
28,CR-Middleborough,Middleborough/Lakeville Line,19,Outbound,South Station,16:05,657,JFK/UMass,16:11,712,not operated,,,
29,CR-Kingston,Kingston Line,42,Inbound,Kingston,06:30,650,Quincy Center,07:12,671,not operated,,,
30,CR-Franklin,Franklin/Foxboro Line,704,Inbound,Forge Park/495,06:33,612,Readville,07:19,624,operated,714,06:33,0
31,CR-Providence,Providence/Stoughton Line,812,Inbound,Providence,08:10,591,Route 128,09:01,609,operated,824,08:08,2
32,CR-Newburyport,Newburyport/Rockport Line,117,Outbound,North Station,17:05,577,North Station,17:05,614,operated,63,17:00,5
33,CR-Lowell,Lowell Line,333,Outbound,North Station,17:42,575,North Station,17:42,586,operated,367,17:42,0
34,CR-Providence,Providence/Stoughton Line,821,Outbound,South Station,15:20,560,Ruggles,15:28,620,operated,851,15:20,0
35,CR-Franklin,Franklin/Foxboro Line,753,Outbound,South Station,16:05,554,Ruggles,16:14,609,operated,1757,16:05,0
36,CR-Kingston,Kingston Line,57,Outbound,South Station,16:33,546,JFK/UMass,16:39,556,not operated,,,
37,CR-Greenbush,Greenbush Line,89,Outbound,South Station,17:15,545,JFK/UMass,17:21,582,operated,1081,17:13,2
38,CR-Worcester,Framingham/Worcester Line,593,Outbound,South Station,16:10,544,Lansdowne,16:21,595,operated,1555,16:10,0
39,CR-Franklin,Franklin/Foxboro Line,742,Inbound,Foxboro,07:15,536,Forest Hills,07:58,574,operated,1716,07:15,0
40,CR-Worcester,Framingham/Worcester Line,586,Inbound,Framingham,08:15,534,Boston Landing,08:53,562,operated,1522,08:15,0
41,CR-Lowell,Lowell Line,308,Inbound,Lowell,07:30,531,West Medford,08:01,546,operated,316,07:30,0
42,CR-Franklin,Franklin/Foxboro Line,708,Inbound,Forge Park/495,08:10,527,Forest Hills,09:05,552,operated,724,08:10,0
43,CR-Lowell,Lowell Line,306,Inbound,Lowell,06:55,522,West Medford,07:28,528,operated,314,06:55,0
44,CR-Newburyport,Newburyport/Rockport Line,104,Inbound,Rockport,07:13,517,Chelsea,08:14,551,operated,18,07:13,0
45,CR-Worcester,Framingham/Worcester Line,597,Outbound,South Station,17:45,508,Lansdowne,17:56,626,operated,1567,17:45,0
46,CR-Fitchburg,Fitchburg Line,482,Inbound,Littleton/Rte 495,07:03,506,Belmont,07:46,560,operated,1408,07:03,0
47,CR-Greenbush,Greenbush Line,87,Outbound,South Station,16:15,503,JFK/UMass,16:21,523,operated,1077,16:20,5
48,CR-Middleborough,Middleborough/Lakeville Line,4,Inbound,Middleborough/Lakeville,05:50,502,Quincy Center,06:32,536,not operated,,,
48,CR-Newburyport,Newburyport/Rockport Line,144,Inbound,Newburyport,06:54,502,Chelsea,07:44,537,operated,114,06:54,0
50,CR-Kingston,Kingston Line,55,Outbound,South Station,15:33,489,JFK/UMass,15:39,498,not operated,,,
51,CR-Worcester,Framingham/Worcester Line,506,Inbound,Worcester,06:30,485,Boston Landing,07:35,540,operated,514,06:30,0
52,CR-Providence,Providence/Stoughton Line,831,Outbound,South Station,18:22,484,Ruggles,18:30,506,operated,871,18:22,0
53,CR-Fitchburg,Fitchburg Line,425,Outbound,North Station,17:30,475,Porter Square,17:40,523,operated,431,17:30,0
54,CR-Newburyport,Newburyport/Rockport Line,102,Inbound,Rockport,06:13,474,Chelsea,07:14,498,operated,12,06:13,0
55,CR-Providence,Providence/Stoughton Line,823,Outbound,South Station,15:52,468,Ruggles,16:01,496,operated,955,15:55,3
56,CR-Newburyport,Newburyport/Rockport Line,157,Outbound,North Station,16:30,466,North Station,16:30,494,operated,159,16:35,5
57,CR-Greenbush,Greenbush Line,72,Inbound,Greenbush,06:10,459,Quincy Center,06:52,466,operated,1058,06:10,0
58,CR-Fitchburg,Fitchburg Line,406,Inbound,Wachusett,07:15,458,Belmont,08:32,520,operated,410,07:15,0
59,CR-Haverhill,Haverhill Line,204,Inbound,Bradford,07:25,455,Anderson/Woburn,07:59,468,not operated,,,
60,CR-Providence,Providence/Stoughton Line,802,Inbound,Providence,05:10,452,Hyde Park,06:03,464,operated,806,05:10,0
60,CR-Providence,Providence/Stoughton Line,862,Inbound,Stoughton,06:18,452,Hyde Park,06:40,457,operated,908,06:18,0
62,CR-Lowell,Lowell Line,329,Outbound,North Station,16:30,448,North Station,16:30,459,operated,359,16:30,0
63,CR-Worcester,Framingham/Worcester Line,502,Inbound,Worcester,05:00,437,Boston Landing,06:18,484,operated,506,05:00,0
64,CR-Fitchburg,Fitchburg Line,404,Inbound,Wachusett,06:10,435,South Acton,06:52,461,operated,406,06:10,0
65,CR-Worcester,Framingham/Worcester Line,510,Inbound,Worcester,08:13,425,Boston Landing,09:31,498,operated,526,08:10,3
66,CR-Lowell,Lowell Line,331,Outbound,North Station,17:05,424,North Station,17:05,433,operated,363,17:05,0
67,CR-Franklin,Franklin/Foxboro Line,727,Outbound,South Station,17:50,411,Ruggles,17:59,502,operated,767,17:48,2
67,CR-Lowell,Lowell Line,310,Inbound,Lowell,08:05,411,West Medford,08:38,419,operated,320,08:05,0
69,CR-Needham,Needham Line,621,Outbound,South Station,15:55,409,Ruggles,16:03,426,operated,655,15:55,0
70,CR-Providence,Providence/Stoughton Line,881,Outbound,South Station,16:00,406,Ruggles,16:08,411,operated,955,15:55,5
71,CR-Kingston,Kingston Line,40,Inbound,Kingston,05:30,402,Quincy Center,06:12,408,not operated,,,
71,CR-Newburyport,Newburyport/Rockport Line,159,Outbound,North Station,17:35,402,North Station,17:35,448,operated,165,17:35,0
71,CR-Providence,Providence/Stoughton Line,833,Outbound,South Station,19:20,402,Ruggles,19:28,435,operated,875,19:18,2
74,CR-Franklin,Franklin/Foxboro Line,755,Outbound,South Station,17:32,381,Ruggles,17:41,417,operated,1765,17:32,0
75,CR-Haverhill,Haverhill Line,215,Outbound,North Station,16:25,379,North Station,16:25,391,operated,259,16:25,0
75,CR-Providence,Providence/Stoughton Line,804,Inbound,Providence,06:00,379,Route 128,06:51,399,operated,810,06:00,0
77,CR-Fitchburg,Fitchburg Line,423,Outbound,North Station,17:00,378,Porter Square,17:10,408,operated,429,17:00,0
78,CR-Newburyport,Newburyport/Rockport Line,146,Inbound,Newburyport,07:54,373,Lynn,08:34,401,operated,120,07:54,0
79,CR-Franklin,Franklin/Foxboro Line,729,Outbound,South Station,18:35,372,Forest Hills,18:48,397,operated,771,18:35,0
80,CR-Franklin,Franklin/Foxboro Line,702,Inbound,Forge Park/495,05:59,365,Forest Hills,06:53,376,operated,710,05:59,0
81,CR-Worcester,Framingham/Worcester Line,504,Inbound,Worcester,05:45,363,Boston Landing,06:49,391,operated,510,05:45,0
82,CR-Worcester,Framingham/Worcester Line,531,Outbound,South Station,18:15,361,Lansdowne,18:26,425,operated,571,18:15,0
83,CR-Haverhill,Haverhill Line,202,Inbound,Bradford,06:12,355,Malden Center,07:08,366,not operated,,,
84,CR-Worcester,Framingham/Worcester Line,582,Inbound,Framingham,06:35,353,Boston Landing,07:14,400,operated,1512,06:35,0
85,CR-Providence,Providence/Stoughton Line,885,Outbound,South Station,18:00,350,Ruggles,18:08,359,operated,969,17:52,8
86,CR-Middleborough,Middleborough/Lakeville Line,23,Outbound,South Station,17:55,344,JFK/UMass,18:01,352,not operated,,,
87,CR-Providence,Providence/Stoughton Line,819,Outbound,South Station,14:20,341,Route 128,14:39,397,operated,847,14:20,0
88,CR-Greenbush,Greenbush Line,76,Inbound,Greenbush,08:10,334,Quincy Center,08:52,341,not operated,,,
89,CR-Needham,Needham Line,625,Outbound,South Station,17:55,328,Ruggles,18:03,362,operated,667,17:55,0
90,CR-Fitchburg,Fitchburg Line,497,Outbound,North Station,16:25,323,Porter Square,16:35,360,operated,1427,16:25,0
91,CR-Providence,Providence/Stoughton Line,814,Inbound,Wickford Junction,08:45,312,Route 128,10:04,340,operated,828,08:38,7
92,CR-Needham,Needham Line,602,Inbound,Needham Heights,06:05,310,Forest Hills,06:34,318,operated,608,06:05,0
93,CR-Haverhill,Haverhill Line,217,Outbound,North Station,17:35,307,North Station,17:35,307,operated,265,17:35,0
94,CR-Newburyport,Newburyport/Rockport Line,115,Outbound,North Station,16:05,301,North Station,16:05,346,operated,57,16:05,0
95,CR-Franklin,Franklin/Foxboro Line,721,Outbound,South Station,15:20,299,Ruggles,15:28,338,operated,751,15:20,0
96,CR-Lowell,Lowell Line,304,Inbound,Lowell,06:25,297,West Medford,06:56,300,operated,310,06:25,0
97,CR-Needham,Needham Line,627,Outbound,South Station,18:55,291,Ruggles,19:03,328,operated,673,18:55,0
98,CR-Middleborough,Middleborough/Lakeville Line,17,Outbound,South Station,15:00,290,JFK/UMass,15:06,338,not operated,,,
98,CR-Newburyport,Newburyport/Rockport Line,119,Outbound,North Station,18:05,290,North Station,18:05,298,operated,69,18:05,0
100,CR-Kingston,Kingston Line,46,Inbound,Kingston,08:37,289,Quincy Center,09:19,297,not operated,,,
101,CR-Newburyport,Newburyport/Rockport Line,142,Inbound,Newburyport,05:54,283,Lynn,06:34,298,operated,108,05:53,1
102,CR-Middleborough,Middleborough/Lakeville Line,2,Inbound,Middleborough/Lakeville,04:50,279,JFK/UMass,05:41,308,not operated,,,
103,CR-Haverhill,Haverhill Line,295,Outbound,North Station,17:10,278,North Station,17:10,280,operated,1263,17:05,5
104,CR-Lowell,Lowell Line,327,Outbound,North Station,15:55,268,North Station,15:55,283,operated,355,15:55,0
104,CR-Newburyport,Newburyport/Rockport Line,118,Inbound,Rockport,16:37,268,River Works,17:31,430,operated,58,16:38,1
106,CR-Worcester,Framingham/Worcester Line,591,Outbound,South Station,15:25,264,Lansdowne,15:36,348,operated,1551,15:25,0
107,CR-Franklin,Franklin/Foxboro Line,740,Inbound,Foxboro,05:57,258,Uphams Corner,06:47,274,operated,1708,05:57,0
108,CR-Newburyport,Newburyport/Rockport Line,113,Outbound,North Station,15:05,256,Lynn,15:26,289,operated,51,15:05,0
109,CR-Newburyport,Newburyport/Rockport Line,155,Outbound,North Station,15:35,253,River Works,15:53,273,operated,153,15:35,0
110,CR-Fairmount,Fairmount Line,949,Outbound,South Station,16:47,251,Newmarket,16:55,285,operated,1667,16:47,0
111,CR-Greenbush,Greenbush Line,85,Outbound,South Station,15:15,245,JFK/UMass,15:21,247,operated,1073,15:17,2
112,CR-Worcester,Framingham/Worcester Line,552,Inbound,Worcester,07:35,244,Framingham,08:04,274,operated,520,07:35,0
113,CR-Needham,Needham Line,619,Outbound,South Station,14:55,242,Ruggles,15:03,270,operated,649,14:55,0
114,CR-Worcester,Framingham/Worcester Line,518,Inbound,Worcester,12:00,240,Boston Landing,13:17,312,operated,542,12:00,0
115,CR-Providence,Providence/Stoughton Line,828,Inbound,Providence,15:56,239,Readville,16:51,331,operated,856,15:56,0
116,CR-Lowell,Lowell Line,312,Inbound,Lowell,08:40,235,West Medford,09:10,241,operated,324,08:40,0
116,CR-Providence,Providence/Stoughton Line,835,Outbound,South Station,20:35,235,Ruggles,20:43,264,operated,881,20:35,0
116,CR-Providence,Providence/Stoughton Line,839,Outbound,South Station,22:45,235,Ruggles,22:53,255,operated,889,22:45,0
119,CR-Worcester,Framingham/Worcester Line,533,Outbound,South Station,18:35,232,Lansdowne,18:46,272,operated,573,18:40,5
120,CR-Fitchburg,Fitchburg Line,422,Inbound,Wachusett,15:25,227,Brandeis/Roberts,16:30,292,operated,428,15:25,0
121,CR-Fitchburg,Fitchburg Line,421,Outbound,North Station,15:40,225,Porter Square,15:50,275,operated,425,15:40,0
122,CR-Providence,Providence/Stoughton Line,830,Inbound,Wickford Junction,16:35,221,Route 128,17:53,276,operated,864,16:35,0
123,CR-Newburyport,Newburyport/Rockport Line,158,Inbound,Newburyport,15:54,217,Swampscott,16:31,261,operated,154,15:53,1
124,CR-Lowell,Lowell Line,330,Inbound,Lowell,17:07,215,West Medford,17:38,224,operated,360,17:07,0
125,CR-Needham,Needham Line,608,Inbound,Needham Heights,09:05,211,Forest Hills,09:31,218,operated,626,09:05,0
126,CR-Worcester,Framingham/Worcester Line,523,Outbound,South Station,14:40,206,Lansdowne,14:51,265,operated,549,14:40,0
127,CR-Haverhill,Haverhill Line,297,Outbound,North Station,17:55,205,North Station,17:55,214,operated,1267,17:55,0
128,CR-Haverhill,Haverhill Line,213,Outbound,North Station,15:45,203,Oak Grove,15:58,234,operated,255,15:45,0
129,CR-Haverhill,Haverhill Line,284,Inbound,Reading,08:18,201,Malden Center,08:38,203,operated,1220,08:18,0
130,CR-Franklin,Franklin/Foxboro Line,700,Inbound,Forge Park/495,04:59,200,Forest Hills,05:53,205,operated,704,04:59,0
130,CR-Kingston,Kingston Line,61,Outbound,South Station,18:45,200,JFK/UMass,18:51,204,not operated,,,
130,CR-Newburyport,Newburyport/Rockport Line,165,Outbound,North Station,21:50,200,North Station,21:50,216,operated,185,21:50,0
133,CR-Worcester,Framingham/Worcester Line,535,Outbound,South Station,19:35,199,Lansdowne,19:46,230,operated,577,19:40,5
134,CR-Fitchburg,Fitchburg Line,424,Inbound,Wachusett,16:35,198,Belmont,17:51,264,operated,434,16:35,0
134,CR-Newburyport,Newburyport/Rockport Line,100,Inbound,Rockport,05:06,198,Lynn,05:57,212,operated,6,05:06,0
136,CR-Kingston,Kingston Line,53,Outbound,South Station,14:33,195,JFK/UMass,14:39,202,operated,1021,14:35,2
137,CR-Worcester,Framingham/Worcester Line,524,Inbound,Worcester,15:00,194,Lansdowne,16:22,264,not operated,,,
137,CR-Providence,Providence/Stoughton Line,837,Outbound,South Station,21:35,194,Ruggles,21:43,207,operated,885,21:40,5
139,CR-Worcester,Framingham/Worcester Line,521,Outbound,South Station,13:45,191,Lansdowne,13:56,241,operated,545,13:45,0
139,CR-Lowell,Lowell Line,335,Outbound,North Station,18:20,191,North Station,18:20,199,operated,371,18:20,0
141,CR-Fairmount,Fairmount Line,912,Inbound,Readville,08:00,190,Uphams Corner,08:17,218,operated,1620,08:00,0
141,CR-Lowell,Lowell Line,325,Outbound,North Station,15:07,190,North Station,15:07,209,operated,351,15:05,2
143,CR-Franklin,Franklin/Foxboro Line,710,Inbound,Forge Park/495,09:20,184,Forest Hills,10:12,193,operated,728,09:11,9
144,CR-Providence,Providence/Stoughton Line,815,Outbound,South Station,12:20,183,Ruggles,12:28,221,operated,839,12:20,0
145,CR-Middleborough,Middleborough/Lakeville Line,25,Outbound,South Station,19:05,182,JFK/UMass,19:11,196,not operated,,,
146,CR-Franklin,Franklin/Foxboro Line,751,Outbound,South Station,14:28,180,Ruggles,14:37,205,not operated,,,
147,CR-Fairmount,Fairmount Line,910,Inbound,Readville,07:30,178,Uphams Corner,07:47,215,operated,1618,07:30,0
148,CR-Fitchburg,Fitchburg Line,427,Outbound,North Station,18:30,177,Porter Square,18:40,195,operated,435,18:30,0
149,CR-Needham,Needham Line,629,Outbound,South Station,19:55,173,Ruggles,20:03,184,operated,677,19:55,0
150,CR-Newburyport,Newburyport/Rockport Line,149,Outbound,North Station,11:35,170,Lynn,11:55,193,operated,137,11:35,0
151,CR-Fairmount,Fairmount Line,951,Outbound,South Station,17:17,169,Newmarket,17:25,207,operated,1671,17:17,0
151,CR-Fitchburg,Fitchburg Line,433,Outbound,North Station,22:30,169,North Station,22:30,179,operated,445,22:30,0
153,CR-Fairmount,Fairmount Line,953,Outbound,South Station,17:47,168,South Station,17:47,186,operated,1673,17:47,0
154,CR-Providence,Providence/Stoughton Line,818,Inbound,Providence,11:12,167,Hyde Park,12:07,185,operated,836,11:12,0
155,CR-Fairmount,Fairmount Line,908,Inbound,Readville,07:00,163,Uphams Corner,07:17,192,operated,1614,07:00,0
155,CR-Fitchburg,Fitchburg Line,429,Outbound,North Station,19:30,163,Porter Square,19:40,199,operated,439,19:30,0
157,CR-Fitchburg,Fitchburg Line,402,Inbound,Wachusett,05:20,162,Belmont,06:38,188,operated,402,05:20,0
157,CR-Lowell,Lowell Line,316,Inbound,Lowell,10:22,162,West Medford,10:53,172,operated,332,10:22,0
157,CR-Newburyport,Newburyport/Rockport Line,123,Outbound,North Station,20:55,162,Chelsea,21:06,194,operated,81,20:50,5
160,CR-Worcester,Framingham/Worcester Line,509,Outbound,South Station,07:55,160,Boston Landing,08:11,246,operated,521,07:57,2
161,CR-Middleborough,Middleborough/Lakeville Line,27,Outbound,South Station,20:35,159,JFK/UMass,20:41,171,not operated,,,
162,CR-Providence,Providence/Stoughton Line,887,Outbound,South Station,19:05,152,Ruggles,19:13,168,operated,973,19:05,0
163,CR-Fairmount,Fairmount Line,947,Outbound,South Station,16:17,149,Newmarket,16:25,188,operated,1665,16:17,0
164,CR-Greenbush,Greenbush Line,91,Outbound,South Station,18:23,148,JFK/UMass,18:29,153,not operated,,,
164,CR-Newburyport,Newburyport/Rockport Line,106,Inbound,Rockport,08:13,148,Chelsea,09:14,168,operated,24,08:13,0
166,CR-Lowell,Lowell Line,302,Inbound,Lowell,05:45,147,West Medford,06:18,148,operated,306,05:45,0
166,CR-Lowell,Lowell Line,337,Outbound,North Station,19:00,147,North Station,19:00,154,operated,375,19:00,0
168,CR-Providence,Providence/Stoughton Line,800,Inbound,Providence,04:12,146,Route 128,05:03,152,operated,802,04:12,0
169,CR-Newburyport,Newburyport/Rockport Line,163,Outbound,North Station,20:05,145,North Station,20:05,163,operated,179,20:05,0
170,CR-Franklin,Franklin/Foxboro Line,744,Inbound,Foxboro,08:45,144,Readville,09:17,154,operated,1726,08:45,0
170,CR-Providence,Providence/Stoughton Line,868,Inbound,Stoughton,09:15,144,Hyde Park,09:35,160,operated,926,09:05,10
172,CR-Providence,Providence/Stoughton Line,817,Outbound,South Station,13:20,141,Ruggles,13:28,154,operated,843,13:17,3
173,CR-Worcester,Framingham/Worcester Line,522,Inbound,Worcester,14:00,140,Wellesley Hills,14:58,186,operated,550,14:00,0
173,CR-Newburyport,Newburyport/Rockport Line,148,Inbound,Newburyport,08:54,140,Chelsea,09:44,157,operated,126,08:49,5
175,CR-Newburyport,Newburyport/Rockport Line,153,Outbound,North Station,14:35,139,Lynn,14:56,168,operated,149,14:35,0
176,CR-Worcester,Framingham/Worcester Line,511,Outbound,South Station,08:55,137,South Station,08:55,183,not operated,,,
176,CR-Worcester,Framingham/Worcester Line,512,Inbound,Worcester,09:05,137,Boston Landing,10:22,186,not operated,,,
176,CR-Providence,Providence/Stoughton Line,860,Inbound,Stoughton,05:15,137,Hyde Park,05:35,139,operated,904,05:15,0
179,CR-Providence,Providence/Stoughton Line,816,Inbound,Providence,10:15,136,Route 128,11:03,145,operated,832,10:15,0
180,CR-Franklin,Franklin/Foxboro Line,731,Outbound,South Station,20:10,135,Ruggles,20:18,145,operated,779,20:10,0
181,CR-Fairmount,Fairmount Line,914,Inbound,Readville,08:30,133,Uphams Corner,08:47,148,operated,1624,08:30,0
181,CR-Newburyport,Newburyport/Rockport Line,114,Inbound,Rockport,13:43,133,Chelsea,14:44,180,operated,46,13:47,4
183,CR-Worcester,Framingham/Worcester Line,514,Inbound,Worcester,10:00,132,Boston Landing,11:17,157,operated,534,10:00,0
183,CR-Middleborough,Middleborough/Lakeville Line,10,Inbound,Middleborough/Lakeville,08:58,132,Holbrook/Randolph,09:27,154,not operated,,,
185,CR-Lowell,Lowell Line,320,Inbound,Lowell,12:22,130,West Medford,12:51,148,operated,340,12:22,0
185,CR-Newburyport,Newburyport/Rockport Line,140,Inbound,Newburyport,04:49,130,Lynn,05:29,132,operated,102,04:48,1
187,CR-Lowell,Lowell Line,343,Outbound,North Station,22:15,129,North Station,22:15,137,not operated,,,
188,CR-Fairmount,Fairmount Line,945,Outbound,South Station,15:47,128,Newmarket,15:55,156,operated,1661,15:47,0
189,CR-Middleborough,Middleborough/Lakeville Line,15,Outbound,South Station,13:45,125,Quincy Center,14:00,148,not operated,,,
189,CR-Lowell,Lowell Line,334,Inbound,Lowell,18:07,125,West Medford,18:36,136,operated,366,18:08,1
191,CR-Franklin,Franklin/Foxboro Line,717,Outbound,South Station,13:28,121,Ruggles,13:36,129,not operated,,,
192,CR-Haverhill,Haverhill Line,219,Outbound,North Station,18:40,120,Malden Center,18:51,125,operated,271,18:40,0
192,CR-Needham,Needham Line,617,Outbound,South Station,13:55,120,Back Bay,14:00,155,operated,645,13:55,0
194,CR-Fitchburg,Fitchburg Line,408,Inbound,Wachusett,08:20,119,Belmont,09:37,146,operated,414,08:20,0
194,CR-Haverhill,Haverhill Line,282,Inbound,Reading,07:33,119,Malden Center,07:53,123,operated,1216,07:33,0
196,CR-Lowell,Lowell Line,321,Outbound,North Station,13:20,118,North Station,13:20,125,operated,343,13:20,0
197,CR-Fairmount,Fairmount Line,911,Outbound,South Station,07:17,117,Talbot Avenue,07:33,147,operated,1609,07:17,0
197,CR-Worcester,Framingham/Worcester Line,594,Inbound,Framingham,17:20,117,Boston Landing,17:56,184,operated,1562,17:20,0
199,CR-Fitchburg,Fitchburg Line,405,Outbound,North Station,07:30,116,Belmont,07:45,167,operated,407,07:30,0
200,CR-Lowell,Lowell Line,328,Inbound,Lowell,16:07,114,Wedgemere,16:33,125,operated,356,16:07,0
201,CR-Franklin,Franklin/Foxboro Line,722,Inbound,Forge Park/495,15:25,113,Ruggles,16:19,154,not operated,,,
201,CR-Haverhill,Haverhill Line,206,Inbound,Bradford,08:35,113,Anderson/Woburn,09:09,120,not operated,,,
201,CR-Providence,Providence/Stoughton Line,889,Outbound,South Station,20:00,113,Ruggles,20:08,117,operated,979,20:00,0
204,CR-Haverhill,Haverhill Line,200,Inbound,Bradford,05:27,111,Wyoming Hill,06:18,115,not operated,,,
204,CR-Newburyport,Newburyport/Rockport Line,116,Inbound,Rockport,15:13,111,Swampscott,16:01,141,operated,52,15:17,4
206,CR-Fitchburg,Fitchburg Line,426,Inbound,Wachusett,18:15,110,Waverley,19:31,146,operated,438,18:15,0
206,CR-Worcester,Framingham/Worcester Line,592,Inbound,Framingham,16:40,110,Lansdowne,17:16,166,operated,1558,16:40,0
206,CR-Needham,Needham Line,610,Inbound,Needham Heights,10:05,110,Forest Hills,10:31,121,operated,630,10:05,0
209,CR-Fitchburg,Fitchburg Line,407,Outbound,North Station,08:30,109,Belmont,08:45,172,operated,409,08:30,0
209,CR-Worcester,Framingham/Worcester Line,537,Outbound,South Station,21:00,109,Lansdowne,21:11,142,operated,581,21:00,0
211,CR-Newburyport,Newburyport/Rockport Line,151,Outbound,North Station,13:05,108,Lynn,13:25,136,operated,143,13:05,0
212,CR-Fairmount,Fairmount Line,955,Outbound,South Station,18:17,107,Newmarket,18:25,128,operated,1677,18:17,0
213,CR-Fitchburg,Fitchburg Line,419,Outbound,North Station,14:30,106,Belmont,14:45,137,operated,421,14:30,0
213,CR-Needham,Needham Line,624,Inbound,Needham Heights,17:07,106,Forest Hills,17:38,156,operated,660,17:07,0
213,CR-Providence,Providence/Stoughton Line,841,Outbound,South Station,23:55,106,Ruggles,00:03,116,operated,893,23:55,0
216,CR-Providence,Providence/Stoughton Line,820,Inbound,Wickford Junction,11:35,105,Route 128,13:08,124,not operated,,,
217,CR-Fairmount,Fairmount Line,943,Outbound,South Station,15:17,104,Uphams Corner,15:27,131,operated,1659,15:17,0
217,CR-Providence,Providence/Stoughton Line,826,Inbound,Wickford Junction,14:25,104,Mansfield,15:25,157,operated,852,14:25,0
219,CR-Fitchburg,Fitchburg Line,498,Inbound,Littleton/Rte 495,17:48,103,Waverley,18:26,140,operated,1436,17:48,0
219,CR-Lowell,Lowell Line,339,Outbound,North Station,19:45,103,North Station,19:45,108,operated,377,19:45,0
219,CR-Lowell,Lowell Line,341,Outbound,North Station,20:45,103,North Station,20:45,108,operated,381,20:45,0
222,CR-Worcester,Framingham/Worcester Line,517,Outbound,South Station,11:45,102,Lansdowne,11:56,125,operated,537,11:45,0
223,CR-Providence,Providence/Stoughton Line,877,Outbound,South Station,14:05,101,Ruggles,14:13,115,operated,945,14:05,0
224,CR-Worcester,Framingham/Worcester Line,520,Inbound,Worcester,13:05,100,Boston Landing,14:17,125,not operated,,,
224,CR-Newburyport,Newburyport/Rockport Line,150,Inbound,Newburyport,09:54,100,Chelsea,10:43,122,operated,130,09:55,1
226,CR-Greenbush,Greenbush Line,83,Outbound,South Station,14:15,99,JFK/UMass,14:21,102,not operated,,,
226,CR-Haverhill,Haverhill Line,211,Outbound,North Station,14:10,99,Malden Center,14:21,103,operated,247,14:10,0
226,CR-Newburyport,Newburyport/Rockport Line,120,Inbound,Rockport,17:48,99,Swampscott,18:36,125,operated,66,17:47,1
229,CR-Kingston,Kingston Line,63,Outbound,South Station,20:15,98,JFK/UMass,20:21,114,not operated,,,
230,CR-Haverhill,Haverhill Line,208,Inbound,Bradford,09:55,97,Anderson/Woburn,10:27,103,not operated,,,
230,CR-Needham,Needham Line,631,Outbound,South Station,21:20,97,Ruggles,21:28,105,operated,683,21:20,0
232,CR-Kingston,Kingston Line,48,Inbound,Kingston,09:52,96,Braintree,10:32,103,not operated,,,
232,CR-Newburyport,Newburyport/Rockport Line,147,Outbound,North Station,10:05,96,Lynn,10:25,110,operated,131,10:05,0
234,CR-Providence,Providence/Stoughton Line,805,Outbound,South Station,07:30,95,Sharon,08:01,119,operated,819,07:30,0
234,CR-Providence,Providence/Stoughton Line,822,Inbound,Providence,13:15,95,Canton Junction,13:58,113,operated,844,13:15,0
236,CR-Newburyport,Newburyport/Rockport Line,108,Inbound,Rockport,09:13,94,Chelsea,10:13,114,operated,28,09:17,4
236,CR-Newburyport,Newburyport/Rockport Line,154,Inbound,Newburyport,12:54,94,Lynn,13:34,122,operated,142,12:55,1
238,CR-Haverhill,Haverhill Line,221,Outbound,North Station,19:30,93,North Station,19:30,99,operated,277,19:30,0
239,CR-Worcester,Framingham/Worcester Line,526,Inbound,Worcester,15:47,91,Lansdowne,16:49,149,operated,556,15:47,0
239,CR-Franklin,Franklin/Foxboro Line,726,Inbound,Forge Park/495,16:51,91,Back Bay,18:00,150,operated,762,16:51,0
239,CR-Middleborough,Middleborough/Lakeville Line,16,Inbound,Middleborough/Lakeville,12:43,91,Holbrook/Randolph,13:12,112,not operated,,,
239,CR-Lowell,Lowell Line,324,Inbound,Lowell,14:22,91,West Medford,14:51,100,operated,348,14:22,0
243,CR-Franklin,Franklin/Foxboro Line,714,Inbound,Forge Park/495,11:15,90,Readville,11:58,98,operated,736,11:15,0
244,CR-Middleborough,Middleborough/Lakeville Line,12,Inbound,Middleborough/Lakeville,10:13,89,Quincy Center,10:55,115,not operated,,,
245,CR-Franklin,Franklin/Foxboro Line,705,Outbound,South Station,07:40,87,South Station,07:40,122,operated,721,07:40,0
245,CR-Providence,Providence/Stoughton Line,867,Outbound,South Station,08:00,87,South Station,08:00,131,operated,923,08:00,0
245,CR-Providence,Providence/Stoughton Line,882,Inbound,Stoughton,17:05,87,Ruggles,17:34,125,operated,960,17:00,5
248,CR-Worcester,Framingham/Worcester Line,528,Inbound,Worcester,16:30,86,Framingham,17:10,133,operated,560,16:30,0
248,CR-Newburyport,Newburyport/Rockport Line,161,Outbound,North Station,18:40,86,North Station,18:40,93,operated,173,18:40,0
250,CR-Middleborough,Middleborough/Lakeville Line,5,Outbound,South Station,07:25,85,Holbrook/Randolph,07:53,121,not operated,,,
250,CR-Middleborough,Middleborough/Lakeville Line,22,Inbound,Middleborough/Lakeville,16:33,85,Braintree,17:13,117,not operated,,,
250,CR-Newburyport,Newburyport/Rockport Line,103,Outbound,North Station,07:38,85,Chelsea,07:49,129,operated,21,07:38,0
253,CR-Franklin,Franklin/Foxboro Line,757,Outbound,South Station,19:18,84,Newmarket,19:25,119,operated,1775,19:17,1
253,CR-Needham,Needham Line,613,Outbound,South Station,11:50,84,Ruggles,11:58,93,operated,637,11:50,0
253,CR-Newburyport,Newburyport/Rockport Line,191,Outbound,North Station,09:35,84,Chelsea,09:46,93,operated,1129,09:35,0
253,CR-Providence,Providence/Stoughton Line,879,Outbound,South Station,14:55,84,Ruggles,15:03,91,operated,949,14:55,0
257,CR-Greenbush,Greenbush Line,78,Inbound,Greenbush,09:25,82,Quincy Center,10:07,84,not operated,,,
257,CR-Newburyport,Newburyport/Rockport Line,121,Outbound,North Station,19:15,82,North Station,19:15,83,operated,77,19:15,0
259,CR-Middleborough,Middleborough/Lakeville Line,14,Inbound,Middleborough/Lakeville,11:28,81,Quincy Center,12:10,112,not operated,,,
260,CR-Worcester,Framingham/Worcester Line,516,Inbound,Worcester,11:00,80,Boston Landing,12:12,115,not operated,,,
260,CR-Worcester,Framingham/Worcester Line,539,Outbound,South Station,22:00,80,Lansdowne,22:11,95,operated,585,22:00,0
260,CR-Newburyport,Newburyport/Rockport Line,145,Outbound,North Station,08:35,80,Swampscott,08:58,103,operated,125,08:35,0
263,CR-Needham,Needham Line,620,Inbound,Needham Heights,15:05,79,Back Bay,15:45,142,operated,650,15:05,0
263,CR-Newburyport,Newburyport/Rockport Line,112,Inbound,Rockport,12:13,79,Lynn,13:04,105,operated,40,12:17,4
263,CR-Newburyport,Newburyport/Rockport Line,160,Inbound,Newburyport,17:02,79,Chelsea,18:02,120,operated,162,17:07,5
263,CR-Providence,Providence/Stoughton Line,836,Inbound,Wickford Junction,19:42,79,Route 128,21:00,90,operated,880,19:42,0
267,CR-Worcester,Framingham/Worcester Line,585,Outbound,South Station,07:10,78,Back Bay,07:16,134,operated,1517,07:10,0
268,CR-Newburyport,Newburyport/Rockport Line,109,Outbound,North Station,12:05,77,Lynn,12:25,102,operated,39,12:05,0
269,CR-Greenbush,Greenbush Line,70,Inbound,Greenbush,05:05,76,Quincy Center,05:47,81,operated,1054,05:15,10
269,CR-Newburyport,Newburyport/Rockport Line,162,Inbound,Newburyport,18:59,76,Swampscott,19:36,96,operated,172,18:57,2
269,CR-Providence,Providence/Stoughton Line,872,Inbound,Stoughton,11:20,76,Hyde Park,11:40,82,operated,934,11:20,0
272,CR-Fairmount,Fairmount Line,902,Inbound,Readville,05:30,75,Uphams Corner,05:47,78,operated,1606,05:30,0
272,CR-Worcester,Framingham/Worcester Line,530,Inbound,Worcester,17:45,75,Wellesley Farms,18:45,123,operated,568,17:45,0
272,CR-Middleborough,Middleborough/Lakeville Line,31,Outbound,South Station,23:55,75,JFK/UMass,00:01,80,not operated,,,
272,CR-Newburyport,Newburyport/Rockport Line,125,Outbound,North Station,22:50,75,River Works,23:08,84,operated,89,22:50,0
276,CR-Fairmount,Fairmount Line,900,Inbound,Readville,04:45,74,Uphams Corner,05:02,74,operated,1602,04:45,0
276,CR-Fairmount,Fairmount Line,916,Inbound,Readville,09:00,74,Uphams Corner,09:17,82,operated,1626,09:00,0
278,CR-Lowell,Lowell Line,317,Outbound,North Station,11:20,73,North Station,11:20,76,operated,335,11:20,0
278,CR-Newburyport,Newburyport/Rockport Line,111,Outbound,North Station,13:35,73,Lynn,13:56,94,operated,45,13:35,0
278,CR-Providence,Providence/Stoughton Line,834,Inbound,Wickford Junction,18:46,73,Sharon,19:54,94,operated,874,18:46,0
281,CR-Fitchburg,Fitchburg Line,400,Inbound,Wachusett,04:25,72,Belmont,05:41,79,operated,400,04:25,0
281,CR-Middleborough,Middleborough/Lakeville Line,29,Outbound,South Station,22:15,72,Braintree,22:35,80,not operated,,,
283,CR-Fairmount,Fairmount Line,938,Inbound,Fairmount,14:33,71,Talbot Avenue,14:41,96,operated,1660,14:33,0
283,CR-Newburyport,Newburyport/Rockport Line,152,Inbound,Newburyport,11:24,71,Lynn,12:04,92,operated,136,11:25,1
285,CR-Fitchburg,Fitchburg Line,431,Outbound,North Station,21:00,70,North Station,21:00,76,operated,443,21:00,0
286,CR-Fitchburg,Fitchburg Line,410,Inbound,Wachusett,09:25,69,Belmont,10:41,89,operated,416,09:25,0
286,CR-Franklin,Franklin/Foxboro Line,746,Inbound,Foxboro,10:36,69,Readville,11:08,85,not operated,,,
286,CR-Haverhill,Haverhill Line,280,Inbound,Lawrence,04:51,69,Malden Center,05:38,75,operated,202,04:51,0
286,CR-Providence,Providence/Stoughton Line,832,Inbound,Providence,18:10,69,Mansfield,18:39,92,operated,870,18:12,2
290,CR-Needham,Needham Line,612,Inbound,Needham Heights,11:05,68,Forest Hills,11:31,75,operated,634,11:05,0
291,CR-Fitchburg,Fitchburg Line,418,Inbound,Wachusett,13:25,67,Belmont,14:41,89,operated,424,13:25,0
291,CR-Newburyport,Newburyport/Rockport Line,156,Inbound,Newburyport,14:24,67,Swampscott,15:01,81,operated,148,14:25,1
291,CR-Providence,Providence/Stoughton Line,807,Outbound,South Station,08:25,67,Ruggles,08:33,111,operated,825,08:25,0
294,CR-Fairmount,Fairmount Line,957,Outbound,South Station,18:47,66,Newmarket,18:55,78,operated,1679,18:47,0
294,CR-Franklin,Franklin/Foxboro Line,733,Outbound,South Station,22:10,66,Norwood Depot,22:39,86,operated,787,22:10,0
294,CR-Providence,Providence/Stoughton Line,870,Inbound,Stoughton,10:15,66,Hyde Park,10:35,77,operated,930,10:15,0
297,CR-Worcester,Framingham/Worcester Line,500,Inbound,Worcester,04:15,65,Boston Landing,05:32,70,operated,502,04:15,0
297,CR-Needham,Needham Line,622,Inbound,Needham Heights,16:05,65,Bellevue,16:30,100,operated,654,16:05,0
297,CR-Providence,Providence/Stoughton Line,813,Outbound,South Station,11:18,65,Ruggles,11:26,83,operated,835,11:20,2
300,CR-Fairmount,Fairmount Line,944,Inbound,Readville,16:00,64,Blue Hill Avenue,16:06,93,operated,1668,16:00,0
300,CR-Worcester,Framingham/Worcester Line,532,Inbound,Worcester,18:35,64,Boston Landing,19:45,83,operated,576,18:35,0
300,CR-Providence,Providence/Stoughton Line,891,Outbound,South Station,21:00,64,South Station,21:00,70,operated,983,21:00,0
303,CR-Fairmount,Fairmount Line,904,Inbound,Readville,06:00,63,Uphams Corner,06:17,71,operated,1608,06:00,0
303,CR-Fitchburg,Fitchburg Line,414,Inbound,Wachusett,11:25,63,Waverley,12:39,73,operated,420,11:25,0
303,CR-Franklin,Franklin/Foxboro Line,718,Inbound,Forge Park/495,13:13,63,Endicott,13:52,88,not operated,,,
306,CR-Providence,Providence/Stoughton Line,811,Outbound,South Station,10:25,62,Canton Junction,10:50,83,operated,831,10:35,10
306,CR-Providence,Providence/Stoughton Line,880,Inbound,Stoughton,16:05,62,Hyde Park,16:25,96,operated,954,16:05,0
308,CR-Lowell,Lowell Line,309,Outbound,North Station,07:35,61,Winchester Center,07:51,67,operated,319,07:35,0
309,CR-Newburyport,Newburyport/Rockport Line,110,Inbound,Rockport,10:43,60,Chelsea,11:43,84,operated,34,10:47,4
309,CR-Providence,Providence/Stoughton Line,803,Outbound,South Station,06:30,60,Ruggles,06:38,96,operated,813,06:35,5
311,CR-Worcester,Framingham/Worcester Line,515,Outbound,South Station,10:50,59,Lansdowne,11:01,76,not operated,,,
311,CR-Middleborough,Middleborough/Lakeville Line,18,Inbound,Middleborough/Lakeville,13:58,59,JFK/UMass,14:49,83,not operated,,,
311,CR-Providence,Providence/Stoughton Line,809,Outbound,South Station,09:25,59,South Station,09:25,87,operated,827,09:25,0
314,CR-Worcester,Framingham/Worcester Line,513,Outbound,South Station,09:50,58,Back Bay,09:56,78,operated,529,09:50,0
314,CR-Lowell,Lowell Line,300,Inbound,Lowell,17:00,58,West Medford,17:29,59,operated,360,17:07,7
316,CR-Haverhill,Haverhill Line,223,Outbound,North Station,21:40,57,Malden Center,21:51,57,operated,285,21:40,0
317,CR-Providence,Providence/Stoughton Line,875,Outbound,South Station,13:05,56,Ruggles,13:13,63,operated,941,13:05,0
318,CR-Fairmount,Fairmount Line,930,Inbound,Fairmount,12:33,55,Uphams Corner,12:47,59,operated,1648,12:33,0
318,CR-Fairmount,Fairmount Line,941,Outbound,South Station,14:47,55,Newmarket,14:55,84,operated,1655,14:47,0
318,CR-Fitchburg,Fitchburg Line,494,Inbound,Littleton/Rte 495,15:01,55,Waverley,15:39,77,operated,1426,15:01,0
321,CR-Needham,Needham Line,614,Inbound,Needham Heights,12:05,54,Forest Hills,12:31,67,operated,638,12:05,0
322,CR-Fairmount,Fairmount Line,936,Inbound,Readville,14:00,53,Talbot Avenue,14:11,68,operated,1656,14:00,0
323,CR-Worcester,Framingham/Worcester Line,534,Inbound,Worcester,19:55,52,Auburndale,21:00,71,operated,580,19:55,0
323,CR-Worcester,Framingham/Worcester Line,541,Outbound,South Station,23:45,52,Lansdowne,23:56,60,operated,593,23:45,0
323,CR-Middleborough,Middleborough/Lakeville Line,13,Outbound,South Station,12:30,52,JFK/UMass,12:36,85,not operated,,,
323,CR-Newburyport,Newburyport/Rockport Line,107,Outbound,North Station,10:35,52,Lynn,10:55,69,operated,33,10:35,0
327,CR-Fairmount,Fairmount Line,918,Inbound,Readville,09:30,51,Uphams Corner,09:47,64,operated,1630,09:30,0
327,CR-Kingston,Kingston Line,50,Inbound,Kingston,11:07,51,South Weymouth,11:40,61,not operated,,,
329,CR-Fairmount,Fairmount Line,942,Inbound,Fairmount,15:33,50,Talbot Avenue,15:41,68,operated,1666,15:33,0
329,CR-Fairmount,Fairmount Line,959,Outbound,South Station,19:47,50,South Station,19:47,58,operated,1685,19:47,0
329,CR-Haverhill,Haverhill Line,218,Inbound,Bradford,17:35,50,Wakefield,18:14,56,not operated,,,
329,CR-Middleborough,Middleborough/Lakeville Line,20,Inbound,Middleborough/Lakeville,15:13,50,Montello,15:37,65,not operated,,,
329,CR-Providence,Providence/Stoughton Line,876,Inbound,Stoughton,14:15,50,Ruggles,14:44,67,operated,946,14:15,0
329,CR-Providence,Providence/Stoughton Line,878,Inbound,Stoughton,15:05,50,Back Bay,15:38,81,operated,950,15:05,0
335,CR-Fairmount,Fairmount Line,920,Inbound,Readville,10:00,49,Uphams Corner,10:17,55,operated,1632,10:00,0
335,CR-Fairmount,Fairmount Line,939,Outbound,South Station,14:17,49,Newmarket,14:25,64,operated,1653,14:17,0
335,CR-Fitchburg,Fitchburg Line,411,Outbound,North Station,10:30,49,Waverley,10:47,56,operated,413,10:30,0
335,CR-Franklin,Franklin/Foxboro Line,759,Outbound,South Station,21:32,49,South Station,21:32,63,operated,1785,21:37,5
335,CR-Greenbush,Greenbush Line,81,Outbound,South Station,13:00,49,JFK/UMass,13:06,53,not operated,,,
335,CR-Haverhill,Haverhill Line,203,Outbound,North Station,08:15,49,Wyoming Hill,08:30,55,operated,223,08:10,5
335,CR-Needham,Needham Line,603,Outbound,South Station,06:50,49,Highland,07:11,75,operated,617,06:50,0
335,CR-Newburyport,Newburyport/Rockport Line,198,Inbound,Beverly,15:20,49,River Works,15:37,58,operated,1150,15:23,3
343,CR-Fairmount,Fairmount Line,963,Outbound,South Station,20:47,48,Newmarket,20:55,59,operated,1691,20:47,0
343,CR-Fitchburg,Fitchburg Line,415,Outbound,North Station,12:30,48,Porter Square,12:40,75,operated,417,12:30,0
343,CR-Franklin,Franklin/Foxboro Line,748,Inbound,Foxboro,12:31,48,Readville,13:03,60,operated,1740,12:32,1
343,CR-Greenbush,Greenbush Line,93,Outbound,South Station,20:55,48,South Station,20:55,51,not operated,,,
343,CR-Haverhill,Haverhill Line,212,Inbound,Bradford,12:55,48,Wyoming Hill,13:48,51,not operated,,,
348,CR-Fitchburg,Fitchburg Line,493,Outbound,North Station,13:30,47,Porter Square,13:40,53,operated,1419,13:30,0
348,CR-Franklin,Franklin/Foxboro Line,713,Outbound,South Station,11:25,47,Ruggles,11:33,56,not operated,,,
348,CR-Kingston,Kingston Line,51,Outbound,South Station,13:18,47,Quincy Center,13:33,51,not operated,,,
348,CR-Lowell,Lowell Line,313,Outbound,North Station,09:20,47,Wedgemere,09:34,51,operated,327,09:20,0
348,CR-Needham,Needham Line,615,Outbound,South Station,12:50,47,Forest Hills,13:03,53,operated,641,12:50,0
353,CR-Fitchburg,Fitchburg Line,435,Outbound,North Station,23:50,46,Porter Square,,52,operated,447,23:50,0
353,CR-Worcester,Framingham/Worcester Line,507,Outbound,South Station,07:30,46,Boston Landing,07:46,105,not operated,,,
353,CR-Newburyport,Newburyport/Rockport Line,197,Outbound,North Station,14:05,46,Lynn,14:25,65,operated,1147,14:05,0
356,CR-Fairmount,Fairmount Line,965,Outbound,South Station,22:17,45,South Station,22:17,46,operated,1697,22:17,0
356,CR-Needham,Needham Line,616,Inbound,Needham Heights,13:05,45,Forest Hills,13:31,50,operated,642,13:05,0
356,CR-Newburyport,Newburyport/Rockport Line,101,Outbound,North Station,06:35,45,Salem,07:06,64,operated,13,06:35,0
359,CR-Fairmount,Fairmount Line,909,Outbound,South Station,06:47,44,Talbot Avenue,07:03,58,operated,1607,06:47,0
359,CR-Fitchburg,Fitchburg Line,485,Outbound,North Station,09:30,44,Belmont,09:45,61,operated,1411,09:30,0
359,CR-Needham,Needham Line,626,Inbound,Needham Heights,18:05,44,Ruggles,18:42,53,operated,666,18:05,0
359,CR-Newburyport,Newburyport/Rockport Line,143,Outbound,North Station,07:07,44,Salem,07:38,63,operated,117,07:07,0
363,CR-Franklin,Franklin/Foxboro Line,743,Outbound,South Station,07:20,43,Readville,07:37,72,operated,1719,07:20,0
363,CR-Haverhill,Haverhill Line,209,Outbound,North Station,12:40,43,Malden Center,12:51,44,operated,241,12:40,0
363,CR-Middleborough,Middleborough/Lakeville Line,9,Outbound,South Station,10:00,43,Holbrook/Randolph,10:28,66,not operated,,,
363,CR-Needham,Needham Line,605,Outbound,South Station,07:50,43,Forest Hills,08:03,57,operated,621,07:50,0
367,CR-Fairmount,Fairmount Line,961,Outbound,South Station,20:17,42,South Station,20:17,52,operated,1687,20:17,0
367,CR-Worcester,Framingham/Worcester Line,505,Outbound,South Station,06:02,42,Back Bay,06:08,59,operated,509,06:02,0
367,CR-Greenbush,Greenbush Line,80,Inbound,Greenbush,10:35,42,Weymouth Landing/East Braintree,11:12,51,operated,1072,10:42,7
370,CR-Fairmount,Fairmount Line,924,Inbound,Readville,11:00,41,Newmarket,11:19,47,operated,1638,11:00,0
370,CR-Haverhill,Haverhill Line,216,Inbound,Bradford,16:02,41,Anderson/Woburn,16:34,44,not operated,,,
370,CR-Providence,Providence/Stoughton Line,824,Inbound,Providence,14:10,41,Route 128,14:57,65,operated,848,14:10,0
373,CR-Fairmount,Fairmount Line,937,Outbound,South Station,13:47,40,Uphams Corner,13:57,54,operated,1649,13:47,0
373,CR-Greenbush,Greenbush Line,86,Inbound,Greenbush,14:20,40,JFK/UMass,15:16,48,not operated,,,
373,CR-Haverhill,Haverhill Line,210,Inbound,Bradford,11:22,40,Anderson/Woburn,11:54,41,not operated,,,
373,CR-Kingston,Kingston Line,49,Outbound,South Station,12:03,40,JFK/UMass,12:09,48,not operated,,,
377,CR-Fairmount,Fairmount Line,940,Inbound,Readville,15:00,38,Four Corners/Geneva,15:14,51,operated,1662,15:00,0
377,CR-Greenbush,Greenbush Line,88,Inbound,Greenbush,15:42,38,Quincy Center,16:39,45,not operated,,,
379,CR-Fitchburg,Fitchburg Line,428,Inbound,Wachusett,19:30,37,Waverley,20:44,39,operated,442,19:30,0
379,CR-Needham,Needham Line,600,Inbound,Needham Heights,05:05,37,Forest Hills,05:31,38,operated,602,05:05,0
379,CR-Newburyport,Newburyport/Rockport Line,164,Inbound,Newburyport,21:29,37,Salem,21:59,47,operated,184,21:33,4
382,CR-Fairmount,Fairmount Line,950,Inbound,Readville,17:30,36,Newmarket,17:49,50,operated,1678,17:30,0
382,CR-Fitchburg,Fitchburg Line,489,Outbound,North Station,11:30,36,Porter Square,11:40,51,operated,1415,11:30,0
382,CR-Worcester,Framingham/Worcester Line,598,Inbound,Framingham,18:55,36,Boston Landing,19:31,50,operated,1574,19:00,5
382,CR-Franklin,Franklin/Foxboro Line,735,Outbound,South Station,23:55,36,Newmarket,00:03,41,operated,793,23:55,0
382,CR-Greenbush,Greenbush Line,79,Outbound,South Station,11:45,36,JFK/UMass,11:51,42,operated,1065,11:45,0
382,CR-Needham,Needham Line,618,Inbound,Needham Heights,14:05,36,Roslindale Village,14:33,48,operated,646,14:05,0
382,CR-Providence,Providence/Stoughton Line,873,Outbound,South Station,12:00,36,Ruggles,12:08,38,operated,937,12:05,5
389,CR-Fitchburg,Fitchburg Line,490,Inbound,Littleton/Rte 495,13:01,35,Waltham,13:34,41,operated,1422,13:01,0
389,CR-Worcester,Framingham/Worcester Line,519,Outbound,South Station,12:55,35,Lansdowne,13:06,37,not operated,,,
389,CR-Providence,Providence/Stoughton Line,869,Outbound,South Station,08:57,35,South Station,08:57,46,operated,925,09:05,8
392,CR-Fairmount,Fairmount Line,946,Inbound,Readville,16:30,34,Blue Hill Avenue,16:36,59,operated,1672,16:30,0
392,CR-Franklin,Franklin/Foxboro Line,747,Outbound,South Station,10:35,34,Ruggles,10:43,39,operated,1731,10:42,7
392,CR-Kingston,Kingston Line,65,Outbound,South Station,21:55,34,JFK/UMass,22:01,36,not operated,,,
392,CR-Newburyport,Newburyport/Rockport Line,122,Inbound,Rockport,19:48,34,Salem,20:29,46,operated,76,19:47,1
392,CR-Providence,Providence/Stoughton Line,893,Outbound,South Station,23:05,34,Newmarket,23:13,35,operated,991,23:05,0
397,CR-Fairmount,Fairmount Line,928,Inbound,Readville,11:45,33,Uphams Corner,12:02,52,not operated,,,
397,CR-Fitchburg,Fitchburg Line,430,Inbound,Wachusett,21:25,33,Brandeis/Roberts,22:30,44,operated,446,21:25,0
397,CR-Franklin,Franklin/Foxboro Line,745,Outbound,South Station,08:43,33,South Station,08:43,57,not operated,,,
397,CR-Franklin,Franklin/Foxboro Line,752,Inbound,Foxboro,16:06,33,Endicott,16:34,41,operated,1756,16:06,0
397,CR-Haverhill,Haverhill Line,214,Inbound,Bradford,14:27,33,Ballardvale,14:48,37,not operated,,,
397,CR-Middleborough,Middleborough/Lakeville Line,24,Inbound,Middleborough/Lakeville,18:10,33,Braintree,18:47,57,not operated,,,
403,CR-Franklin,Franklin/Foxboro Line,749,Outbound,South Station,12:28,32,Ruggles,12:36,39,not operated,,,
403,CR-Greenbush,Greenbush Line,82,Inbound,Greenbush,11:50,32,Quincy Center,12:37,35,operated,1074,11:57,7
403,CR-Haverhill,Haverhill Line,205,Outbound,North Station,09:40,32,Melrose/Cedar Park,09:57,34,operated,229,09:40,0
403,CR-Middleborough,Middleborough/Lakeville Line,11,Outbound,South Station,11:15,32,Holbrook/Randolph,11:43,45,not operated,,,
403,CR-Lowell,Lowell Line,307,Outbound,North Station,07:00,32,West Medford,07:11,37,operated,317,07:00,0
403,CR-Needham,Needham Line,628,Inbound,Needham Heights,19:05,32,Roslindale Village,19:33,45,operated,672,19:05,0
409,CR-Fairmount,Fairmount Line,934,Inbound,Fairmount,13:33,31,Talbot Avenue,13:41,47,operated,1654,13:33,0
409,CR-Fairmount,Fairmount Line,948,Inbound,Readville,17:00,31,Uphams Corner,17:17,50,operated,1674,17:00,0
411,CR-Fairmount,Fairmount Line,932,Inbound,Readville,13:00,30,Four Corners/Geneva,13:14,41,operated,1650,13:00,0
411,CR-Newburyport,Newburyport/Rockport Line,105,Outbound,North Station,09:05,30,Swampscott,09:28,58,operated,27,09:05,0
411,CR-Newburyport,Newburyport/Rockport Line,141,Outbound,North Station,05:35,30,Salem,06:06,41,not operated,,,
411,CR-Providence,Providence/Stoughton Line,838,Inbound,Providence,22:15,30,Route 128,23:03,40,operated,886,22:15,0
415,CR-Fairmount,Fairmount Line,913,Outbound,South Station,07:47,29,Four Corners/Geneva,08:00,41,operated,1613,07:47,0
415,CR-Fairmount,Fairmount Line,922,Inbound,Fairmount,10:33,29,Uphams Corner,10:47,32,operated,1636,10:33,0
415,CR-Newburyport,Newburyport/Rockport Line,124,Inbound,Rockport,20:45,29,Swampscott,21:38,38,operated,80,20:55,10
418,CR-Fitchburg,Fitchburg Line,486,Inbound,Littleton/Rte 495,11:01,28,Waverley,11:39,52,operated,1418,11:01,0
418,CR-Worcester,Framingham/Worcester Line,549,Outbound,South Station,06:52,28,Framingham,07:26,34,operated,515,06:50,2
418,CR-Kingston,Kingston Line,43,Outbound,South Station,08:25,28,South Station,08:25,35,not operated,,,
418,CR-Kingston,Kingston Line,54,Inbound,Kingston,13:37,28,JFK/UMass,14:31,36,not operated,,,
418,CR-Kingston,Kingston Line,58,Inbound,Kingston,16:07,28,JFK/UMass,17:10,37,not operated,,,
418,CR-Providence,Providence/Stoughton Line,874,Inbound,Stoughton,13:20,28,Route 128,13:35,41,operated,942,13:10,10
424,CR-Franklin,Franklin/Foxboro Line,750,Inbound,Foxboro,14:09,27,Back Bay,14:58,35,not operated,,,
424,CR-Kingston,Kingston Line,52,Inbound,Kingston,12:22,27,South Weymouth,12:55,38,not operated,,,
426,CR-Fairmount,Fairmount Line,933,Outbound,South Station,12:47,26,Four Corners/Geneva,13:00,30,operated,1643,12:47,0
426,CR-Worcester,Framingham/Worcester Line,583,Outbound,South Station,06:15,26,South Station,06:15,55,operated,1511,06:13,2
426,CR-Franklin,Franklin/Foxboro Line,709,Outbound,South Station,09:35,26,Readville,09:52,36,not operated,,,
426,CR-Franklin,Franklin/Foxboro Line,754,Inbound,Foxboro,17:50,26,Endicott,18:16,36,operated,1764,17:50,0
426,CR-Haverhill,Haverhill Line,207,Outbound,North Station,11:10,26,Oak Grove,11:23,26,operated,235,11:10,0
426,CR-Middleborough,Middleborough/Lakeville Line,7,Outbound,South Station,08:45,26,Montello,09:18,43,not operated,,,
432,CR-Franklin,Franklin/Foxboro Line,728,Inbound,Franklin,19:04,25,Fairmount,19:55,42,operated,776,19:04,0
432,CR-Greenbush,Greenbush Line,84,Inbound,Greenbush,13:05,25,JFK/UMass,14:01,28,operated,1078,13:10,5
432,CR-Kingston,Kingston Line,47,Outbound,South Station,10:48,25,JFK/UMass,10:54,26,not operated,,,
432,CR-Providence,Providence/Stoughton Line,884,Inbound,Stoughton,18:15,25,Route 128,18:30,32,not operated,,,
436,CR-Fairmount,Fairmount Line,915,Outbound,South Station,08:17,24,Morton Street,08:36,38,operated,1615,08:17,0
436,CR-Fairmount,Fairmount Line,929,Outbound,South Station,11:47,24,Newmarket,11:55,28,operated,1637,11:47,0
436,CR-Fairmount,Fairmount Line,931,Outbound,South Station,12:17,24,Uphams Corner,12:27,31,operated,1641,12:17,0
436,CR-Franklin,Franklin/Foxboro Line,730,Inbound,Forge Park/495,20:00,24,Readville,20:43,29,operated,780,20:00,0
436,CR-Newburyport,Newburyport/Rockport Line,192,Inbound,Beverly,10:50,24,Lynn,11:04,32,operated,1132,10:53,3
441,CR-Fairmount,Fairmount Line,952,Inbound,Readville,18:00,23,Blue Hill Avenue,18:06,33,operated,1680,18:00,0
441,CR-Haverhill,Haverhill Line,220,Inbound,Bradford,18:57,23,Wakefield,19:39,24,not operated,,,
441,CR-Lowell,Lowell Line,336,Inbound,Lowell,18:44,23,West Medford,19:13,30,operated,370,18:45,1
441,CR-Needham,Needham Line,609,Outbound,South Station,09:50,23,Forest Hills,10:03,37,operated,629,09:50,0
445,CR-Franklin,Franklin/Foxboro Line,741,Outbound,South Station,05:47,22,Blue Hill Avenue,06:08,28,operated,1709,05:47,0
445,CR-Greenbush,Greenbush Line,73,Outbound,South Station,08:00,22,South Station,08:00,29,not operated,,,
447,CR-Fairmount,Fairmount Line,907,Outbound,South Station,06:17,21,Four Corners/Geneva,06:30,30,operated,1603,06:17,0
447,CR-Middleborough,Middleborough/Lakeville Line,28,Inbound,Middleborough/Lakeville,20:20,21,Montello,20:44,27,not operated,,,
449,CR-Worcester,Framingham/Worcester Line,536,Inbound,Worcester,20:55,20,Wellesley Square,21:49,33,operated,584,20:55,0
449,CR-Franklin,Franklin/Foxboro Line,756,Inbound,Foxboro,18:48,20,Ruggles,19:31,29,operated,1770,18:48,0
449,CR-Needham,Needham Line,611,Outbound,South Station,10:50,20,Forest Hills,11:03,26,operated,633,10:50,0
449,CR-Newburyport,Newburyport/Rockport Line,127,Outbound,North Station,23:50,20,Chelsea,00:01,25,operated,91,23:45,5
453,CR-Haverhill,Haverhill Line,225,Outbound,North Station,23:40,19,Melrose/Cedar Park,23:57,20,operated,293,23:40,0
453,CR-Kingston,Kingston Line,56,Inbound,Kingston,14:52,19,Quincy Center,15:39,28,not operated,,,
453,CR-Needham,Needham Line,630,Inbound,Needham Heights,20:50,19,Back Bay,21:25,42,operated,680,20:50,0
453,CR-Newburyport,Newburyport/Rockport Line,126,Inbound,Rockport,22:25,19,Swampscott,23:13,24,operated,88,22:25,0
457,CR-Fitchburg,Fitchburg Line,403,Outbound,North Station,06:20,18,Waltham,06:42,38,operated,405,06:20,0
457,CR-Franklin,Franklin/Foxboro Line,732,Inbound,Forge Park/495,21:28,18,Blue Hill Avenue,22:16,24,operated,784,21:28,0
457,CR-Lowell,Lowell Line,345,Outbound,North Station,23:45,18,North Billerica,00:18,21,operated,393,23:45,0
457,CR-Needham,Needham Line,633,Outbound,Forest Hills,23:03,18,Forest Hills,23:03,18,operated,689,23:03,0
457,CR-Providence,Providence/Stoughton Line,801,Outbound,South Station,04:20,18,Mansfield,04:59,21,operated,803,04:20,0
457,CR-Providence,Providence/Stoughton Line,865,Outbound,South Station,07:00,18,Ruggles,07:08,47,operated,917,07:05,5
463,CR-Fairmount,Fairmount Line,954,Inbound,Readville,18:00,17,Blue Hill Avenue,18:06,26,operated,1680,18:00,0
463,CR-Greenbush,Greenbush Line,95,Outbound,South Station,23:20,17,JFK/UMass,23:26,19,not operated,,,
463,CR-Lowell,Lowell Line,305,Outbound,North Station,06:25,17,West Medford,06:36,21,operated,315,06:25,0
466,CR-Fairmount,Fairmount Line,960,Inbound,Readville,20:40,16,Four Corners/Geneva,20:54,23,operated,1694,20:35,5
466,CR-Greenbush,Greenbush Line,90,Inbound,Greenbush,17:42,16,JFK/UMass,18:39,20,operated,1086,17:40,2
468,CR-Fairmount,Fairmount Line,923,Outbound,South Station,10:17,15,Uphams Corner,10:27,20,operated,1627,10:17,0
468,CR-Fairmount,Fairmount Line,935,Outbound,South Station,13:17,15,Four Corners/Geneva,13:30,31,operated,1647,13:17,0
468,CR-Needham,Needham Line,607,Outbound,South Station,08:50,15,Back Bay,08:55,23,operated,625,08:50,0
468,CR-Providence,Providence/Stoughton Line,892,Inbound,Stoughton,21:58,15,Hyde Park,22:19,18,operated,984,21:58,0
472,CR-Fairmount,Fairmount Line,919,Outbound,South Station,09:17,14,Morton Street,09:36,25,operated,1621,09:17,0
472,CR-Fairmount,Fairmount Line,956,Inbound,Readville,19:00,14,Talbot Avenue,19:11,19,operated,1686,19:00,0
474,CR-Worcester,Framingham/Worcester Line,538,Inbound,Worcester,22:50,13,Worcester,22:50,16,operated,592,22:50,0
474,CR-Haverhill,Haverhill Line,201,Outbound,North Station,05:55,13,Wyoming Hill,06:10,14,operated,209,05:55,0
474,CR-Kingston,Kingston Line,45,Outbound,South Station,09:33,13,South Station,09:33,15,not operated,,,
477,CR-Franklin,Franklin/Foxboro Line,758,Inbound,Foxboro,20:59,12,Four Corners/Geneva,21:44,23,operated,1782,20:59,0
477,CR-Greenbush,Greenbush Line,75,Outbound,South Station,09:12,12,South Station,09:12,14,not operated,,,
477,CR-Kingston,Kingston Line,62,Inbound,Kingston,20:02,12,Whitman,20:21,19,not operated,,,
477,CR-Middleborough,Middleborough/Lakeville Line,30,Inbound,Middleborough/Lakeville,22:00,12,Montello,22:24,16,not operated,,,
477,CR-Lowell,Lowell Line,342,Inbound,Lowell,20:50,12,North Billerica,20:58,13,operated,380,20:50,0
477,CR-Newburyport,Newburyport/Rockport Line,167,Outbound,Salem,00:30,12,Salem,00:30,12,not operated,,,
477,CR-Providence,Providence/Stoughton Line,871,Outbound,South Station,10:02,12,South Station,10:02,20,operated,929,10:02,0
477,CR-Providence,Providence/Stoughton Line,888,Inbound,Stoughton,20:05,12,Hyde Park,20:25,14,operated,976,20:05,0
485,CR-Fairmount,Fairmount Line,917,Outbound,South Station,08:47,11,South Station,08:47,14,operated,1619,08:47,0
485,CR-Kingston,Kingston Line,60,Inbound,Kingston,18:22,11,Abington,18:51,18,operated,1038,18:20,2
487,CR-Fairmount,Fairmount Line,927,Outbound,South Station,11:02,10,Uphams Corner,11:12,13,not operated,,,
487,CR-Worcester,Framingham/Worcester Line,503,Outbound,South Station,05:25,10,Wellesley Farms,05:51,20,operated,505,05:25,0
487,CR-Lowell,Lowell Line,338,Inbound,Lowell,19:25,10,Anderson/Woburn,19:44,10,operated,374,19:25,0
487,CR-Lowell,Lowell Line,340,Inbound,Lowell,20:00,10,Anderson/Woburn,20:19,11,operated,376,20:02,2
491,CR-Lowell,Lowell Line,344,Inbound,Lowell,21:50,9,Anderson/Woburn,22:09,9,operated,384,21:50,0
492,CR-Greenbush,Greenbush Line,92,Inbound,Greenbush,19:41,8,Weymouth Landing/East Braintree,20:13,10,not operated,,,
492,CR-Haverhill,Haverhill Line,283,Outbound,North Station,07:30,8,North Station,07:30,10,operated,1219,07:30,0
492,CR-Needham,Needham Line,635,Outbound,Forest Hills,00:13,8,Forest Hills,00:13,8,operated,693,00:13,0
495,CR-Worcester,Framingham/Worcester Line,501,Outbound,South Station,04:45,7,Westborough,05:50,7,operated,503,04:45,0
495,CR-Haverhill,Haverhill Line,224,Inbound,Bradford,21:15,7,Lawrence,21:24,9,not operated,,,
497,CR-Fairmount,Fairmount Line,921,Outbound,South Station,09:47,6,Morton Street,10:06,9,operated,1625,09:47,0
497,CR-Greenbush,Greenbush Line,71,Outbound,South Station,06:25,6,Quincy Center,06:40,12,not operated,,,
497,CR-Greenbush,Greenbush Line,77,Outbound,South Station,10:30,6,South Station,10:30,6,operated,1063,10:30,0
497,CR-Needham,Needham Line,632,Inbound,Needham Heights,22:15,6,Hersey,22:26,6,operated,686,22:15,0
501,CR-Fitchburg,Fitchburg Line,432,Inbound,Wachusett,22:55,5,Brandeis/Roberts,,6,operated,448,22:55,0
501,CR-Providence,Providence/Stoughton Line,840,Inbound,Providence,23:25,5,Route 128,00:16,6,operated,892,23:25,0
503,CR-Fitchburg,Fitchburg Line,481,Outbound,North Station,05:40,4,Porter Square,05:50,5,operated,1401,05:40,0
503,CR-Greenbush,Greenbush Line,94,Inbound,Greenbush,22:15,4,Weymouth Landing/East Braintree,22:47,4,not operated,,,
503,CR-Haverhill,Haverhill Line,281,Outbound,North Station,06:40,4,Oak Grove,06:53,4,operated,1215,06:40,0
503,CR-Haverhill,Haverhill Line,298,Inbound,Reading,18:48,4,Wyoming Hill,19:03,4,operated,1270,18:48,0
503,CR-Kingston,Kingston Line,67,Outbound,Braintree,00:20,4,Braintree,00:20,4,operated,1047,00:25,5
503,CR-Providence,Providence/Stoughton Line,861,Outbound,South Station,05:25,4,Ruggles,05:33,4,operated,907,05:25,0
509,CR-Franklin,Franklin/Foxboro Line,760,Inbound,Foxboro,22:49,3,Talbot Avenue,23:31,5,operated,1788,22:49,0
510,CR-Kingston,Kingston Line,66,Inbound,Kingston,23:10,2,South Weymouth,23:38,2,not operated,,,
510,CR-Lowell,Lowell Line,301,Outbound,North Station,05:25,2,North Station,05:25,2,operated,309,05:20,5
510,CR-Lowell,Lowell Line,346,Inbound,Lowell,23:15,2,Anderson/Woburn,23:34,2,not operated,,,
510,CR-Providence,Providence/Stoughton Line,886,Inbound,Stoughton,19:18,2,Route 128,19:33,7,operated,972,19:18,0
514,CR-Franklin,Franklin/Foxboro Line,734,Inbound,Forge Park/495,23:28,0,Forge Park/495,23:28,0,operated,792,23:28,0
