route_id,route_name,service_category,summer_weekday_trips,fall_weekday_trips,change,pct_change
741,SL1,Frequent Bus,252,252,0,0.0
742,SL2,Frequent Bus,251,251,0,0.0
743,SL3,Frequent Bus,234,234,0,0.0
751,SL4,Frequent Bus,172,172,0,0.0
749,SL5,Frequent Bus,242,242,0,0.0
746,SLW,Frequent Bus,61,53,-8,-13.1
708,CT3,Local Bus,55,55,0,0.0
1,1,Frequent Bus,215,215,0,0.0
4,4,Commuter Bus,34,34,0,0.0
7,7,Local Bus,147,149,2,1.4
8,8,Local Bus,77,77,0,0.0
9,9,Frequent Bus,204,205,1,0.5
10,10,Local Bus,85,84,-1,-1.2
11,11,Local Bus,86,86,0,0.0
14,14,Local Bus,35,35,0,0.0
15,15,Frequent Bus,207,207,0,0.0
16,16,Local Bus,208,215,7,3.4
17,17,Local Bus,81,81,0,0.0
18,18,Coverage Bus,18,18,0,0.0
19,19,Local Bus,62,62,0,0.0
21,21,Local Bus,152,152,0,0.0
22,22,Frequent Bus,209,209,0,0.0
23,23,Frequent Bus,247,247,0,0.0
24,24,Local Bus,67,65,-2,-3.0
26,26,Local Bus,82,72,-10,-12.2
28,28,Frequent Bus,204,206,2,1.0
29,29,Local Bus,44,44,0,0.0
30,30,Local Bus,72,72,0,0.0
31,31,Frequent Bus,197,197,0,0.0
32,32,Frequent Bus,300,302,2,0.7
33,33,Local Bus,46,46,0,0.0
34,34,Local Bus,98,92,-6,-6.1
34E,34E,Local Bus,78,80,2,2.6
35,35,Local Bus,70,73,3,4.3
36,36,Local Bus,102,102,0,0.0
37,37,Local Bus,62,62,0,0.0
38,38,Local Bus,59,59,0,0.0
39,39,Frequent Bus,230,229,-1,-0.4
40,40,Local Bus,50,50,0,0.0
41,41,Local Bus,49,51,2,4.1
42,42,Local Bus,107,107,0,0.0
43,43,Local Bus,56,56,0,0.0
44,44,Local Bus,102,100,-2,-2.0
45,45,Local Bus,105,105,0,0.0
47,47,Local Bus,103,103,0,0.0
50,50,Local Bus,55,55,0,0.0
51,51,Local Bus,50,50,0,0.0
52,52,Local Bus,30,30,0,0.0
55,55,Coverage Bus,17,17,0,0.0
57,57,Frequent Bus,251,251,0,0.0
59,59,Local Bus,41,41,0,0.0
60,60,Local Bus,64,64,0,0.0
61,61,Local Bus,30,30,0,0.0
62,62,Local Bus,52,52,0,0.0
64,64,Local Bus,82,82,0,0.0
65,65,Local Bus,86,131,45,52.3
66,66,Frequent Bus,232,247,15,6.5
67,67,Local Bus,48,48,0,0.0
68,68,Local Bus,34,34,0,0.0
69,69,Local Bus,110,110,0,0.0
70,70,Local Bus,147,172,25,17.0
71,71,Frequent Bus,194,194,0,0.0
73,73,Frequent Bus,185,185,0,0.0
74,74,Local Bus,74,74,0,0.0
75,75,Local Bus,77,77,0,0.0
76,76,Local Bus,44,44,0,0.0
77,77,Frequent Bus,188,189,1,0.5
78,78,Local Bus,67,67,0,0.0
80,80,Local Bus,54,54,0,0.0
83,83,Local Bus,90,90,0,0.0
85,85,Local Bus,61,61,0,0.0
86,86,Local Bus,134,134,0,0.0
87,87,Local Bus,95,95,0,0.0
88,88,Local Bus,96,96,0,0.0
89,89,Local Bus,114,114,0,0.0
8993,89/93,Supplemental Bus,1,1,0,0.0
90,90,Local Bus,43,43,0,0.0
91,91,Local Bus,60,60,0,0.0
92,92,Local Bus,51,51,0,0.0
93,93,Local Bus,79,79,0,0.0
94,94,Local Bus,59,59,0,0.0
95,95,Local Bus,78,78,0,0.0
96,96,Local Bus,88,88,0,0.0
97,97,Local Bus,31,31,0,0.0
99,99,Local Bus,43,43,0,0.0
100,100,Local Bus,85,85,0,0.0
101,101,Local Bus,111,111,0,0.0
104,104,Frequent Bus,171,171,0,0.0
105,105,Local Bus,30,30,0,0.0
106,106,Local Bus,65,65,0,0.0
108,108,Local Bus,73,73,0,0.0
109,109,Frequent Bus,190,190,0,0.0
110,110,Frequent Bus,173,173,0,0.0
111,111,Frequent Bus,381,381,0,0.0
112,112,Local Bus,37,37,0,0.0
114,114,Supplemental Bus,16,16,0,0.0
116,116,Frequent Bus,253,255,2,0.8
119,119,Local Bus,40,40,0,0.0
120,120,Local Bus,70,70,0,0.0
121,121,Commuter Bus,21,21,0,0.0
131,131,Commuter Bus,20,20,0,0.0
132,132,Local Bus,48,48,0,0.0
134,134,Local Bus,50,50,0,0.0
137,137,Local Bus,59,59,0,0.0
171,171,Supplemental Bus,2,2,0,0.0
201,201,Local Bus,73,73,0,0.0
202,202,Local Bus,27,27,0,0.0
210,210,Local Bus,37,37,0,0.0
211,211,Local Bus,46,46,0,0.0
215,215,Local Bus,79,79,0,0.0
216,216,Local Bus,145,147,2,1.4
217,217,Coverage Bus,9,9,0,0.0
220,220,Local Bus,62,81,19,30.6
222,222,Local Bus,62,83,21,33.9
225,225,Local Bus,94,94,0,0.0
226,226,Local Bus,46,46,0,0.0
230,230,Local Bus,53,53,0,0.0
236,236,Local Bus,30,30,0,0.0
238,238,Local Bus,50,50,0,0.0
240,240,Local Bus,82,82,0,0.0
245,245,Local Bus,33,33,0,0.0
350,350,Local Bus,56,56,0,0.0
351,351,Commuter Bus,15,15,0,0.0
354,354,Commuter Bus,33,33,0,0.0
411,411,Local Bus,39,39,0,0.0
424,424,Commuter Bus,10,10,0,0.0
426,426,Local Bus,53,53,0,0.0
428,428,Commuter Bus,6,6,0,0.0
429,429,Local Bus,51,51,0,0.0
430,430,Local Bus,39,39,0,0.0
435,435,Local Bus,35,38,3,8.6
436,436,Local Bus,32,33,1,3.1
439,439,Coverage Bus,10,10,0,0.0
441,441,Local Bus,34,34,0,0.0
441442,441/442,Local Bus,3,3,0,0.0
442,442,Local Bus,50,50,0,0.0
450,450,Local Bus,52,52,0,0.0
451,451,Commuter Bus,12,12,0,0.0
455,455,Local Bus,81,81,0,0.0
456,456,Coverage Bus,10,10,0,0.0
465,465,Local Bus,0,32,32,
501,501,Commuter Bus,52,52,0,0.0
504,504,Commuter Bus,72,66,-6,-8.3
505,505,Commuter Bus,34,34,0,0.0
553,553,Local Bus,40,38,-2,-5.0
554,554,Commuter Bus,12,12,0,0.0
556,556,Commuter Bus,16,16,0,0.0
558,558,Commuter Bus,13,13,0,0.0
712,712,Local Bus,74,74,0,0.0
713,713,Local Bus,74,74,0,0.0
714,714,Coverage Bus,70,70,0,0.0
716,716,Coverage Bus,40,40,0,0.0
TOTAL,All MBTA bus routes,,12893,13042,149,1.2
