hour,summer_pull_outs,summer_pull_ins,fall_pull_outs,fall_pull_ins
03:00,3,0,3,0
04:00,80,0,79,0
05:00,260,0,266,0
06:00,188,7,218,2
07:00,96,13,79,25
08:00,23,86,17,85
09:00,34,173,32,170
10:00,67,116,61,105
11:00,68,72,73,71
12:00,89,90,92,97
13:00,177,143,172,125
14:00,165,68,199,65
15:00,136,46,98,48
16:00,87,60,65,59
17:00,51,50,50,50
18:00,31,141,37,146
19:00,25,170,33,168
20:00,40,126,59,143
21:00,101,128,96,129
22:00,82,103,81,100
23:00,15,34,13,37
00:00 next day,1,49,1,45
01:00 next day,0,130,0,138
02:00 next day,0,14,0,16
TOTAL,1819,1819,1824,1824
