zip,cluster
60000,G01
60001,G01
60002,G01
60003,G01
60004,G01
60005,G01
60006,G01
60007,G01
60010,G02
60011,G02
60012,G02
60013,G02
60014,G02
60015,G02
60016,G02
60017,G02
60020,G03
60021,G03
60022,G03
60023,G03
60024,G03
60025,G03
60026,G03
60027,G03
60030,G04
60031,G04
60032,G04
60033,G04
60034,G04
60035,G04
60036,G04
60037,G04
60040,G05
60041,G05
60042,G05
60043,G05
60044,G05
60045,G05
60046,G05
60047,G05
60050,G06
60051,G06
60052,G06
60053,G06
60054,G06
60055,G06
60056,G06
60057,G06
60060,G07
60061,G07
60062,G07
60063,G07
60064,G07
60065,G07
60066,G07
60067,G07
60070,G08
60071,G08
60072,G08
60073,G08
60074,G08
60075,G08
60076,G08
60077,G08
60080,G09
60081,G09
60082,G09
60083,G09
60084,G09
60085,G09
60086,G09
60087,G09
60090,G10
60091,G10
60092,G10
60093,G10
60094,G10
60095,G10
60096,G10
60097,G10
60100,G11
60101,G11
60102,G11
60103,G11
60104,G11
60105,G11
60106,G11
60107,G11
60110,G12
60111,G12
60112,G12
60113,G12
60114,G12
60115,G12
60116,G12
60117,G12
60120,G13
60121,G13
60122,G13
60123,G13
60124,G13
60125,G13
60126,G13
60127,G13
60130,G14
60131,G14
60132,G14
60133,G14
60134,G14
60135,G14
60136,G14
60137,G14
60140,G15
60141,G15
60142,G15
60143,G15
60144,G15
60145,G15
60146,G15
60147,G15
60150,G16
60151,G16
60152,G16
60153,G16
60154,G16
60155,G16
60156,G16
60157,G16
60160,G17
60161,G17
60162,G17
60163,G17
60164,G17
60165,G17
60166,G17
60167,G17
60170,G18
60171,G18
60172,G18
60173,G18
60174,G18
60175,G18
60176,G18
60177,G18
60180,G19
60181,G19
60182,G19
60183,G19
60184,G19
60185,G19
60186,G19
60187,G19
60190,G20
60191,G20
60192,G20
60193,G20
60194,G20
60195,G20
60196,G20
60197,G20
60200,G21
60201,G21
60202,G21
60203,G21
60204,G21
60205,G21
60206,G21
60207,G21
60210,G22
60211,G22
60212,G22
60213,G22
60214,G22
60215,G22
60216,G22
60217,G22
60220,G23
60221,G23
60222,G23
60223,G23
60224,G23
60225,G23
60226,G23
60227,G23
60230,G24
60231,G24
60232,G24
60233,G24
60234,G24
60235,G24
60236,G24
60237,G24
