week_start,demand_index
2024-01-01,0.8297
2024-01-08,0.7921
2024-01-15,0.7988
2024-01-22,0.8711
2024-01-29,0.8484
2024-02-05,0.9173
2024-02-12,0.8823
2024-02-19,0.9319
2024-02-26,1.0557
2024-03-04,0.9765
2024-03-11,1.0409
2024-03-18,1.0398
2024-03-25,1.0474
2024-04-01,1.0401
2024-04-08,1.0894
2024-04-15,1.0925
2024-04-22,1.1239
2024-04-29,1.152
2024-05-06,1.1551
2024-05-13,1.1727
2024-05-20,1.1725
2024-05-27,1.1903
2024-06-03,1.2191
2024-06-10,1.1354
2024-06-17,1.1723
2024-06-24,1.1919
2024-07-01,1.1774
2024-07-08,1.1119
2024-07-15,1.1111
2024-07-22,1.0757
2024-07-29,1.1148
2024-08-05,1.0564
2024-08-12,1.079
2024-08-19,1.0441
2024-08-26,0.9686
2024-09-02,0.984
2024-09-09,0.9537
2024-09-16,0.9053
2024-09-23,0.8505
2024-09-30,0.9024
2024-10-07,0.8381
2024-10-14,0.8309
2024-10-21,0.7776
2024-10-28,0.7612
2024-11-04,0.8395
2024-11-11,0.8098
2024-11-18,0.7592
2024-11-25,0.744
2024-12-02,0.7839
2024-12-09,0.7783
2024-12-16,0.8003
2024-12-23,0.7247
2024-12-30,0.8001
2025-01-06,0.8304
2025-01-13,0.8266
2025-01-20,0.8585
2025-01-27,0.8421
2025-02-03,0.88
2025-02-10,1.007
2025-02-17,1.007
2025-02-24,0.936
2025-03-03,1.0681
2025-03-10,1.0225
2025-03-17,0.9946
2025-03-24,1.0465
2025-03-31,1.0371
2025-04-07,1.0998
2025-04-14,1.1152
2025-04-21,1.1175
2025-04-28,1.1495
2025-05-05,1.1604
2025-05-12,1.2392
2025-05-19,1.1157
2025-05-26,1.1776
2025-06-02,1.2411
2025-06-09,1.1347
2025-06-16,1.2135
2025-06-23,1.1165
2025-06-30,1.1733
2025-07-07,1.096
2025-07-14,1.1546
2025-07-21,1.1206
2025-07-28,1.0214
2025-08-04,1.0181
2025-08-11,1.028
2025-08-18,1.0626
2025-08-25,1.0102
2025-09-01,0.9876
2025-09-08,0.8709
2025-09-15,0.8872
2025-09-22,0.8107
