scheme,vendor,docs,exposure,key
S1,V10101,['PM0028412'],2023.98,PM0028412
S1,V10140,['PM0028436'],12259.6,PM0028436
S1,V10145,['PM0028418'],1601.63,PM0028418
S1,V10149,['PM0028388'],1674.9,PM0028388
S1,V10151,['PM0028437'],12780.3,PM0028437
S1,V10151,['PM0028401'],12678.96,PM0028401
S1,V10183,['PM0028406'],1752.7,PM0028406
S1,V10203,['PM0028408'],7877.43,PM0028408
S1,V10212,['PM0028425'],1876.89,PM0028425
S1,V10230,['PM0028409'],6751.61,PM0028409
S1,V10231,['PM0028419'],31229.48,PM0028419
S1,V10232,['PM0028397'],10086.0,PM0028397
S1,V10277,['PM0028394'],3133.7,PM0028394
S1,V10307,['PM0028432'],4040.75,PM0028432
S1,V10321,['PM0028387'],3113.67,PM0028387
S1,V10374,['PM0028429'],14806.86,PM0028429
S1,V10440,['PM0028415'],17879.54,PM0028415
S1,V10463,['PM0028441'],35868.69,PM0028441
S1,V10486,['PM0028411'],17799.54,PM0028411
S1,V10559,['PM0028426'],7750.97,PM0028426
S1,V10593,['PM0028391'],11371.22,PM0028391
S1,V10609,['PM0028410'],3044.41,PM0028410
S1,V10613,['PM0028431'],2383.13,PM0028431
S1,V10628,['PM0028444'],2086.02,PM0028444
S1,V10628,['PM0028448'],6939.37,PM0028448
S1,V10637,['PM0028398'],8092.74,PM0028398
S1,V10703,['PM0028440'],33847.56,PM0028440
S1,V10719,['PM0028427'],1978.73,PM0028427
S2,V10740,['V10740'],273310.09,V10740
S2,V10741,['V10741'],227362.14,V10741
S2,V10742,['V10742'],284554.22,V10742
S3,V10125,"['AP0028791', 'AP0028792', 'AP0028793']",29349.91,AP0028791|AP0028792|AP0028793
S3,V10191,"['AP0028802', 'AP0028803', 'AP0028804']",28081.69,AP0028802|AP0028803|AP0028804
S3,V10422,"['AP0028783', 'AP0028784', 'AP0028785']",29344.76,AP0028783|AP0028784|AP0028785
S3,V10269,"['AP0028779', 'AP0028780', 'AP0028781', 'AP0028782']",38144.48,AP0028779|AP0028780|AP0028781|AP0028782
S3,V10285,"['AP0028798', 'AP0028799', 'AP0028800', 'AP0028801']",37625.68,AP0028798|AP0028799|AP0028800|AP0028801
S3,V10381,"['AP0028788', 'AP0028789', 'AP0028790']",28801.78,AP0028788|AP0028789|AP0028790
S3,V10243,"['AP0028777', 'AP0028778']",19053.22,AP0028777|AP0028778
S3,V10319,"['AP0028794', 'AP0028795', 'AP0028796', 'AP0028797']",39278.3,AP0028794|AP0028795|AP0028796|AP0028797
S3,V10615,"['AP0028786', 'AP0028787']",19010.98,AP0028786|AP0028787
S4,V10748,"['AP0028886', 'AP0028895', 'AP0028882', 'AP0028887', 'AP0028879', 'AP0028878', 'AP0028889', 'AP0028885', 'AP0028893', 'AP0028896', 'AP0028881', 'AP0028891', 'AP0028890', 'AP0028876', 'AP0028899', 'AP0028877', 'AP0028884', 'AP0028883', 'AP0028875', 'AP0028894', 'AP0028888', 'AP0028902', 'AP0028901', 'AP0028880', 'AP0028898', 'AP0028897', 'AP0028892', 'AP0028900']",592134.97,V10748
S4,V10749,"['AP0028923', 'AP0028924', 'AP0028914', 'AP0028929', 'AP0028912', 'AP0028927', 'AP0028928', 'AP0028910', 'AP0028919', 'AP0028925', 'AP0028915', 'AP0028926', 'AP0028903', 'AP0028908', 'AP0028904', 'AP0028916', 'AP0028905', 'AP0028921', 'AP0028907', 'AP0028917', 'AP0028913', 'AP0028930', 'AP0028911', 'AP0028922', 'AP0028920', 'AP0028906', 'AP0028918', 'AP0028909']",594064.49,V10749
S5,V10633,['PM0028968'],107440.94,V10633
S5,V10136,['PM0028969'],116769.05,V10136
S5,V10016,['PM0028971'],100886.43,V10016
S5,V10407,['PM0028967'],67369.73,V10407
S5,V10306,['PM0028970'],106304.89,V10306
S6,V10753,['V10753'],235212.21,V10753
S6,V10754,['V10754'],269138.86,V10754
S7,V10350,['C-1002'],98382.63,C-1002
S7,V10537,['C-1013'],110882.24,C-1013
S7,V10548,['C-1017'],148057.48,C-1017
S7,V10412,['C-1035'],110504.05,C-1035
S8,V10051,"['PM0029311', 'PM0029312', 'PM0029313']",43941.72,V10051
S8,V10089,"['PM0029308', 'PM0029310', 'PM0029309']",23561.71,V10089
S8,V10263,"['PM0029317', 'PM0029318']",30310.25,V10263
S8,V10271,"['PM0029303', 'PM0029304']",20850.26,V10271
S8,V10384,"['PM0029314', 'PM0029315', 'PM0029316']",40186.2,V10384
S8,V10640,"['PM0029305', 'PM0029306', 'PM0029307']",21660.39,V10640
