case_id,vendor_id,scheme,document_ids,exposure_usd,action
CASE-001,V10321,Duplicate payment,AP0028386;PM0028387,3113.67,recover and fix control
CASE-002,V10149,Duplicate payment,AP0028387;PM0028388,1674.9,recover and fix control
CASE-003,V10593,Duplicate payment,AP0028389;PM0028391,11371.22,recover and fix control
CASE-004,V10277,Duplicate payment,AP0028391;PM0028394,3133.7,recover and fix control
CASE-005,V10232,Duplicate payment,AP0028393;PM0028397,10086.0,recover and fix control
CASE-006,V10637,Duplicate payment,AP0028394;PM0028398,8092.74,recover and fix control
CASE-007,V10151,Duplicate payment,AP0028396;PM0028401,12678.96,recover and fix control
CASE-008,V10183,Duplicate payment,AP0028400;PM0028406,1752.7,recover and fix control
CASE-009,V10203,Duplicate payment,AP0028402;PM0028408,7877.43,recover and fix control
CASE-010,V10230,Duplicate payment,AP0028403;PM0028409,6751.61,recover and fix control
CASE-011,V10609,Duplicate payment,AP0028404;PM0028410,3044.41,recover and fix control
CASE-012,V10486,Duplicate payment,AP0028405;PM0028411,17799.54,recover and fix control
CASE-013,V10101,Duplicate payment,AP0028406;PM0028412,2023.98,recover and fix control
CASE-014,V10440,Duplicate payment,AP0028409;PM0028415,17879.54,recover and fix control
CASE-015,V10145,Duplicate payment,AP0028411;PM0028418,1601.63,recover and fix control
CASE-016,V10231,Duplicate payment,AP0028412;PM0028419,31229.48,recover and fix control
CASE-017,V10212,Duplicate payment,AP0028416;PM0028425,1876.89,recover and fix control
CASE-018,V10559,Duplicate payment,AP0028417;PM0028426,7750.97,recover and fix control
CASE-019,V10719,Duplicate payment,AP0028418;PM0028427,1978.73,recover and fix control
CASE-020,V10374,Duplicate payment,AP0028420;PM0028429,14806.86,recover and fix control
CASE-021,V10613,Duplicate payment,AP0028422;PM0028431,2383.13,recover and fix control
CASE-022,V10307,Duplicate payment,AP0028423;PM0028432,4040.75,recover and fix control
CASE-023,V10140,Duplicate payment,AP0028426;PM0028436,12259.6,recover and fix control
CASE-024,V10151,Duplicate payment,AP0028427;PM0028437,12780.3,recover and fix control
CASE-025,V10703,Duplicate payment,AP0028429;PM0028440,33847.56,recover and fix control
CASE-026,V10463,Duplicate payment,AP0028430;PM0028441,35868.69,recover and fix control
CASE-027,V10628,Duplicate payment,AP0028433;PM0028444,2086.02,recover and fix control
CASE-028,V10628,Duplicate payment,AP0028436;PM0028448,6939.37,recover and fix control
CASE-029,V10740,Employee-linked vendor,AP0028557;AP0028558;AP0028559;AP0028560;AP0028561;AP0028562;AP0028563;AP0028564;AP0028565;AP0028566;AP0028567;AP0028568;AP0028569;AP0028570;AP0028571;AP0028572;AP0028573;AP0028574;AP0028575;AP0028576;AP0028577;AP0028578;AP0028579;AP0028580;AP0028581;AP0028582;AP0028583;AP0028584;AP0028585;AP0028586;AP0028587;AP0028588;AP0028589;AP0028590;AP0028591;AP0028592;AP0028593;AP0028594;AP0028595;AP0028596;AP0028597;AP0028598,273310.09,freeze vendor
CASE-030,V10741,Employee-linked vendor,AP0028599;AP0028600;AP0028601;AP0028602;AP0028603;AP0028604;AP0028605;AP0028606;AP0028607;AP0028608;AP0028609;AP0028610;AP0028611;AP0028612;AP0028613;AP0028614;AP0028615;AP0028616;AP0028617;AP0028618;AP0028619;AP0028620;AP0028621;AP0028622;AP0028623;AP0028624;AP0028625;AP0028626;AP0028627;AP0028628;AP0028629;AP0028630;AP0028631;AP0028632;AP0028633;AP0028634;AP0028635,227362.14,freeze vendor
CASE-031,V10742,Employee-linked vendor,AP0028636;AP0028637;AP0028638;AP0028639;AP0028640;AP0028641;AP0028642;AP0028643;AP0028644;AP0028645;AP0028646;AP0028647;AP0028648;AP0028649;AP0028650;AP0028651;AP0028652;AP0028653;AP0028654;AP0028655;AP0028656;AP0028657;AP0028658;AP0028659;AP0028660;AP0028661;AP0028662;AP0028663;AP0028664;AP0028665;AP0028666;AP0028667;AP0028668;AP0028669;AP0028670;AP0028671;AP0028672;AP0028673;AP0028674;AP0028675;AP0028676;AP0028677;AP0028678,284554.22,freeze vendor
CASE-032,V10243,Split approvals,AP0028777;AP0028778,19053.22,recover and fix control
CASE-033,V10269,Split approvals,AP0028779;AP0028780;AP0028781;AP0028782,38144.48,recover and fix control
CASE-034,V10422,Split approvals,AP0028783;AP0028784;AP0028785,29344.76,recover and fix control
CASE-035,V10615,Split approvals,AP0028786;AP0028787,19010.98,recover and fix control
CASE-036,V10381,Split approvals,AP0028788;AP0028789;AP0028790,28801.78,recover and fix control
CASE-037,V10125,Split approvals,AP0028791;AP0028792;AP0028793,29349.91,recover and fix control
CASE-038,V10319,Split approvals,AP0028794;AP0028795;AP0028796;AP0028797,39278.3,recover and fix control
CASE-039,V10285,Split approvals,AP0028798;AP0028799;AP0028800;AP0028801,37625.68,recover and fix control
CASE-040,V10191,Split approvals,AP0028802;AP0028803;AP0028804,28081.69,recover and fix control
CASE-041,V10748,Receipts shortfall,AP0028875;AP0028876;AP0028877;AP0028878;AP0028879;AP0028880;AP0028881;AP0028882;AP0028883;AP0028884;AP0028885;AP0028886;AP0028887;AP0028888;AP0028889;AP0028890;AP0028891;AP0028892;AP0028893;AP0028894;AP0028895;AP0028896;AP0028897;AP0028898;AP0028899;AP0028900;AP0028901;AP0028902,592134.97,freeze vendor
CASE-042,V10749,Receipts shortfall,AP0028903;AP0028904;AP0028905;AP0028906;AP0028907;AP0028908;AP0028909;AP0028910;AP0028911;AP0028912;AP0028913;AP0028914;AP0028915;AP0028916;AP0028917;AP0028918;AP0028919;AP0028920;AP0028921;AP0028922;AP0028923;AP0028924;AP0028925;AP0028926;AP0028927;AP0028928;AP0028929;AP0028930,594064.49,freeze vendor
CASE-043,V10407,Bank change diversion,AP0028979;PM0028967,67369.73,freeze vendor
CASE-044,V10633,Bank change diversion,AP0028980;PM0028968,107440.94,freeze vendor
CASE-045,V10136,Bank change diversion,AP0028981;PM0028969,116769.05,freeze vendor
CASE-046,V10306,Bank change diversion,AP0028982;PM0028970,106304.89,freeze vendor
CASE-047,V10016,Bank change diversion,AP0028983;PM0028971,100886.43,freeze vendor
CASE-048,V10753,Shell vendor,AP0028994;AP0028995;AP0028996;AP0028997;AP0028998;AP0028999;AP0029000;AP0029001;AP0029002;AP0029003;AP0029004;AP0029005;AP0029006;AP0029007;AP0029008;AP0029009;AP0029010;AP0029011;AP0029012;AP0029013;AP0029014;AP0029015;AP0029016;AP0029017;AP0029018;AP0029019;AP0029020;AP0029021;AP0029022;AP0029023;AP0029024;AP0029025;AP0029026;AP0029027;AP0029028;AP0029029;AP0029030;AP0029031;AP0029032;AP0029033;AP0029034;AP0029035;AP0029036;AP0029037;AP0029038;AP0029039;AP0029040;AP0029041;AP0029042,235212.21,freeze vendor
CASE-049,V10754,Shell vendor,AP0029043;AP0029044;AP0029045;AP0029046;AP0029047;AP0029048;AP0029049;AP0029050;AP0029051;AP0029052;AP0029053;AP0029054;AP0029055;AP0029056;AP0029057;AP0029058;AP0029059;AP0029060;AP0029061;AP0029062;AP0029063;AP0029064;AP0029065;AP0029066;AP0029067;AP0029068;AP0029069;AP0029070;AP0029071;AP0029072;AP0029073;AP0029074;AP0029075;AP0029076;AP0029077;AP0029078;AP0029079;AP0029080;AP0029081;AP0029082;AP0029083;AP0029084;AP0029085;AP0029086;AP0029087;AP0029088;AP0029089;AP0029090;AP0029091;AP0029092;AP0029093;AP0029094;AP0029095;AP0029096;AP0029097;AP0029098,269138.86,freeze vendor
CASE-050,V10412,Contract overrun,C-1035,110504.05,recover and fix control
CASE-051,V10537,Contract overrun,C-1013,110882.24,recover and fix control
CASE-052,V10350,Contract overrun,C-1002,98382.63,recover and fix control
CASE-053,V10548,Contract overrun,C-1017,148057.48,recover and fix control
CASE-054,V10271,Blocked vendor,PM0029303;PM0029304,20850.26,recover and fix control
CASE-055,V10640,Blocked vendor,PM0029305;PM0029306;PM0029307,21660.39,recover and fix control
CASE-056,V10089,Blocked vendor,PM0029308;PM0029309;PM0029310,23561.71,recover and fix control
CASE-057,V10051,Blocked vendor,PM0029311;PM0029312;PM0029313,43941.72,recover and fix control
CASE-058,V10384,Blocked vendor,PM0029314;PM0029315;PM0029316,40186.2,recover and fix control
CASE-059,V10263,Blocked vendor,PM0029317;PM0029318,30310.25,recover and fix control
