state,week_ending,model_forecast,benchmark_forecast,published_forecast,published_path,model_backtest_error_pct,benchmark_backtest_error_pct,status
IL,2026-10-03,6842,6130,6842,model,,,
IL,2026-10-10,6579,6130,6579,model,,,
IL,2026-10-17,5440,6130,5440,model,,,
IL,2026-10-24,5769,6130,5769,model,,,
IL,2026-10-31,6681,6130,6681,model,,,
IL,2026-11-07,7278,6130,7278,model,,,
IL,2026-11-14,6632,6130,6632,model,,,
IL,2026-11-21,8543,6130,8543,model,,,
IL,2026-11-28,7055,6130,7055,model,,,
IL,2026-12-05,14492,6130,14492,model,,,
IL,2026-12-12,9628,6130,9628,model,,,
IL,2026-12-19,9568,6130,9568,model,,,
IL,2026-12-26,9751,6130,9751,model,,,
IN,2026-10-03,2521,1984,2521,model,,,
IN,2026-10-10,2583,1984,2583,model,,,
IN,2026-10-17,1974,1984,1974,model,,,
IN,2026-10-24,2081,1984,2081,model,,,
IN,2026-10-31,2833,1984,2833,model,,,
IN,2026-11-07,2481,1984,2481,model,,,
IN,2026-11-14,2221,1984,2221,model,,,
IN,2026-11-21,2361,1984,2361,model,,,
IN,2026-11-28,1916,1984,1916,model,,,
IN,2026-12-05,4048,1984,4048,model,,,
IN,2026-12-12,3383,1984,3383,model,,,
IN,2026-12-19,2949,1984,2949,model,,,
IN,2026-12-26,2978,1984,2978,model,,,
IA,2026-10-03,1126,1320,1320,benchmark,,,
IA,2026-10-10,1162,1320,1320,benchmark,,,
IA,2026-10-17,1181,1320,1320,benchmark,,,
IA,2026-10-24,1650,1320,1320,benchmark,,,
IA,2026-10-31,1487,1320,1320,benchmark,,,
IA,2026-11-07,1531,1320,1320,benchmark,,,
IA,2026-11-14,1364,1320,1320,benchmark,,,
IA,2026-11-21,1821,1320,1320,benchmark,,,
IA,2026-11-28,2320,1320,1320,benchmark,,,
IA,2026-12-05,5381,1320,1320,benchmark,,,
IA,2026-12-12,3608,1320,1320,benchmark,,,
IA,2026-12-19,3387,1320,1320,benchmark,,,
IA,2026-12-26,4371,1320,1320,benchmark,,,
KS,2026-10-03,1035,800,1035,model,,,
KS,2026-10-10,1124,800,1124,model,,,
KS,2026-10-17,932,800,932,model,,,
KS,2026-10-24,899,800,899,model,,,
KS,2026-10-31,1197,800,1197,model,,,
KS,2026-11-07,1172,800,1172,model,,,
KS,2026-11-14,1238,800,1238,model,,,
KS,2026-11-21,1036,800,1036,model,,,
KS,2026-11-28,1027,800,1027,model,,,
KS,2026-12-05,2017,800,2017,model,,,
KS,2026-12-12,1603,800,1603,model,,,
KS,2026-12-19,1405,800,1405,model,,,
KS,2026-12-26,1440,800,1440,model,,,
MI,2026-10-03,5258,4447,5258,model,,,
MI,2026-10-10,5003,4447,5003,model,,,
MI,2026-10-17,5708,4447,5708,model,,,
MI,2026-10-24,5497,4447,5497,model,,,
MI,2026-10-31,8223,4447,8223,model,,,
MI,2026-11-07,10364,4447,10364,model,,,
MI,2026-11-14,6014,4447,6014,model,,,
MI,2026-11-21,6360,4447,6360,model,,,
MI,2026-11-28,5917,4447,5917,model,,,
MI,2026-12-05,10275,4447,10275,model,,,
MI,2026-12-12,8532,4447,8532,model,,,
MI,2026-12-19,8821,4447,8821,model,,,
MI,2026-12-26,12784,4447,12784,model,,,
MN,2026-10-03,3164,2981,3164,model,,,
MN,2026-10-10,3315,2981,3315,model,,,
MN,2026-10-17,3469,2981,3469,model,,,
MN,2026-10-24,3950,2981,3950,model,,,
MN,2026-10-31,4095,2981,4095,model,,,
MN,2026-11-07,5418,2981,5418,model,,,
MN,2026-11-14,5749,2981,5749,model,,,
MN,2026-11-21,7186,2981,7186,model,,,
MN,2026-11-28,6933,2981,6933,model,,,
MN,2026-12-05,11762,2981,11762,model,,,
MN,2026-12-12,7686,2981,7686,model,,,
MN,2026-12-19,6750,2981,6750,model,,,
MN,2026-12-26,5930,2981,5930,model,,,
MO,2026-10-03,5813,2033,5813,model,,,
MO,2026-10-10,2581,2033,2581,model,,,
MO,2026-10-17,2267,2033,2267,model,,,
MO,2026-10-24,2600,2033,2600,model,,,
MO,2026-10-31,5773,2033,5773,model,,,
MO,2026-11-07,2759,2033,2759,model,,,
MO,2026-11-14,2302,2033,2302,model,,,
MO,2026-11-21,2684,2033,2684,model,,,
MO,2026-11-28,2486,2033,2486,model,,,
MO,2026-12-05,4249,2033,4249,model,,,
MO,2026-12-12,3836,2033,3836,model,,,
MO,2026-12-19,5359,2033,5359,model,,,
MO,2026-12-26,7686,2033,7686,model,,,
NE,2026-10-03,1012,628,628,benchmark,,,
NE,2026-10-10,548,628,628,benchmark,,,
NE,2026-10-17,476,628,628,benchmark,,,
NE,2026-10-24,542,628,628,benchmark,,,
NE,2026-10-31,949,628,628,benchmark,,,
NE,2026-11-07,607,628,628,benchmark,,,
NE,2026-11-14,568,628,628,benchmark,,,
NE,2026-11-21,751,628,628,benchmark,,,
NE,2026-11-28,1523,628,628,benchmark,,,
NE,2026-12-05,1465,628,628,benchmark,,,
NE,2026-12-12,1025,628,628,benchmark,,,
NE,2026-12-19,1700,628,628,benchmark,,,
NE,2026-12-26,1793,628,628,benchmark,,,
ND,2026-10-03,133,193,193,benchmark,,,
ND,2026-10-10,168,193,193,benchmark,,,
ND,2026-10-17,166,193,193,benchmark,,,
ND,2026-10-24,190,193,193,benchmark,,,
ND,2026-10-31,218,193,193,benchmark,,,
ND,2026-11-07,273,193,193,benchmark,,,
ND,2026-11-14,269,193,193,benchmark,,,
ND,2026-11-21,417,193,193,benchmark,,,
ND,2026-11-28,586,193,193,benchmark,,,
ND,2026-12-05,914,193,193,benchmark,,,
ND,2026-12-12,732,193,193,benchmark,,,
ND,2026-12-19,682,193,193,benchmark,,,
ND,2026-12-26,535,193,193,benchmark,,,
OH,2026-10-03,4574,4273,4574,model,,,
OH,2026-10-10,4604,4273,4604,model,,,
OH,2026-10-17,4014,4273,4014,model,,,
OH,2026-10-24,4844,4273,4844,model,,,
OH,2026-10-31,5424,4273,5424,model,,,
OH,2026-11-07,6016,4273,6016,model,,,
OH,2026-11-14,5285,4273,5285,model,,,
OH,2026-11-21,5913,4273,5913,model,,,
OH,2026-11-28,6416,4273,6416,model,,,
OH,2026-12-05,8954,4273,8954,model,,,
OH,2026-12-12,7746,4273,7746,model,,,
OH,2026-12-19,7316,4273,7316,model,,,
OH,2026-12-26,9277,4273,9277,model,,,
SD,2026-10-03,163,157,163,model,,,
SD,2026-10-10,220,157,220,model,,,
SD,2026-10-17,203,157,203,model,,,
SD,2026-10-24,204,157,204,model,,,
SD,2026-10-31,203,157,203,model,,,
SD,2026-11-07,234,157,234,model,,,
SD,2026-11-14,279,157,279,model,,,
SD,2026-11-21,350,157,350,model,,,
SD,2026-11-28,353,157,353,model,,,
SD,2026-12-05,636,157,636,model,,,
SD,2026-12-12,440,157,440,model,,,
SD,2026-12-19,376,157,376,model,,,
SD,2026-12-26,265,157,265,model,,,
WI,2026-10-03,2289,2054,2289,model,,,
WI,2026-10-10,2344,2054,2344,model,,,
WI,2026-10-17,2398,2054,2398,model,,,
WI,2026-10-24,2597,2054,2597,model,,,
WI,2026-10-31,2555,2054,2555,model,,,
WI,2026-11-07,2751,2054,2751,model,,,
WI,2026-11-14,2930,2054,2930,model,,,
WI,2026-11-21,3652,2054,3652,model,,,
WI,2026-11-28,4574,2054,4574,model,,,
WI,2026-12-05,7388,2054,7388,model,,,
WI,2026-12-12,4997,2054,4997,model,,,
WI,2026-12-19,4558,2054,4558,model,,,
WI,2026-12-26,5506,2054,5506,model,,,
IL,backtest,,,,,9.19,13.16,published
IN,backtest,,,,,11.02,17.05,published
IA,backtest,,,,,24.42,17.69,held
KS,backtest,,,,,19.60,30.37,published
MI,backtest,,,,,21.67,30.88,published
MN,backtest,,,,,5.20,34.39,published
MO,backtest,,,,,24.54,34.10,published
NE,backtest,,,,,26.94,22.59,held
ND,backtest,,,,,53.13,27.95,held
OH,backtest,,,,,9.97,13.61,published
SD,backtest,,,,,12.00,14.54,published
WI,backtest,,,,,6.82,23.77,published
