file,role,format,source_url,publisher,license,pull_date,version_or_note,load_bearing
data/UI Claims - State - Weekly.csv,Weekly state claims record; regular program initial claim counts drive the outlook (17952 rows),csv,https://github.com/OpportunityInsights/EconomicTracker/blob/b8adef9d292873d7e45b07adc188f1785a035279/data/UI%20Claims%20-%20State%20-%20Weekly.csv,Opportunity Insights (claims from the U.S. Department of Labor),free use with attribution (README.md),2026-10-06,commit b8adef9,yes
data/UI Claims - National - Weekly.csv,National weekly claims (352 rows),csv,https://github.com/OpportunityInsights/EconomicTracker/blob/b8adef9d292873d7e45b07adc188f1785a035279/data/UI%20Claims%20-%20National%20-%20Weekly.csv,Opportunity Insights (claims from the U.S. Department of Labor),free use with attribution (README.md),2026-10-06,commit b8adef9,context
data/UI Claims - County - Weekly.csv,County weekly initial claims where published (174000 rows),csv,https://github.com/OpportunityInsights/EconomicTracker/blob/b8adef9d292873d7e45b07adc188f1785a035279/data/UI%20Claims%20-%20County%20-%20Weekly.csv,Opportunity Insights (claims from the U.S. Department of Labor),free use with attribution (README.md),2026-10-06,commit b8adef9,"""distractor, realistic"""
data/GeoIDs - State.csv,State FIPS to name and abbreviation crosswalk,csv,https://github.com/OpportunityInsights/EconomicTracker/blob/b8adef9d292873d7e45b07adc188f1785a035279/data/GeoIDs%20-%20State.csv,Opportunity Insights (claims from the U.S. Department of Labor),free use with attribution (README.md),2026-10-06,commit b8adef9,yes
data/GeoIDs - County.csv,County FIPS crosswalk,csv,https://github.com/OpportunityInsights/EconomicTracker/blob/b8adef9d292873d7e45b07adc188f1785a035279/data/GeoIDs%20-%20County.csv,Opportunity Insights (claims from the U.S. Department of Labor),free use with attribution (README.md),2026-10-06,commit b8adef9,context
data/Employment - State - Weekly.csv,Weekly employment relative to January 2020 by state (28305 rows),csv,https://github.com/OpportunityInsights/EconomicTracker/blob/b8adef9d292873d7e45b07adc188f1785a035279/data/Employment%20-%20State%20-%20Weekly.csv,Opportunity Insights (claims from the U.S. Department of Labor),free use with attribution (README.md),2026-10-06,commit b8adef9,"""distractor, realistic"""
data/Job Postings - State - Weekly.csv,Weekly job postings relative to January 2020 by state (17901 rows),csv,https://github.com/OpportunityInsights/EconomicTracker/blob/b8adef9d292873d7e45b07adc188f1785a035279/data/Job%20Postings%20-%20State%20-%20Weekly.csv,Opportunity Insights (claims from the U.S. Department of Labor),free use with attribution (README.md),2026-10-06,commit b8adef9,"""distractor, realistic"""
docs/oi_tracker_data_dictionary.md,Data dictionary,md,https://github.com/OpportunityInsights/EconomicTracker/blob/b8adef9d292873d7e45b07adc188f1785a035279/docs/oi_tracker_data_dictionary.md,Opportunity Insights (claims from the U.S. Department of Labor),free use with attribution (README.md),2026-10-06,commit b8adef9,yes
docs/oi_tracker_data_dictionary.pdf,Data dictionary (PDF),pdf,https://github.com/OpportunityInsights/EconomicTracker/blob/b8adef9d292873d7e45b07adc188f1785a035279/docs/oi_tracker_data_dictionary.pdf,Opportunity Insights (claims from the U.S. Department of Labor),free use with attribution (README.md),2026-10-06,commit b8adef9,duplicate format
docs/oi_tracker_data_documentation.md,Data documentation (sources and processing),md,https://github.com/OpportunityInsights/EconomicTracker/blob/b8adef9d292873d7e45b07adc188f1785a035279/docs/oi_tracker_data_documentation.md,Opportunity Insights (claims from the U.S. Department of Labor),free use with attribution (README.md),2026-10-06,commit b8adef9,yes
docs/oi_tracker_data_documentation.pdf,Data documentation (PDF),pdf,https://github.com/OpportunityInsights/EconomicTracker/blob/b8adef9d292873d7e45b07adc188f1785a035279/docs/oi_tracker_data_documentation.pdf,Opportunity Insights (claims from the U.S. Department of Labor),free use with attribution (README.md),2026-10-06,commit b8adef9,duplicate format
docs/oi_tracker_data_revisions.md,Record of revisions to posted series,md,https://github.com/OpportunityInsights/EconomicTracker/blob/b8adef9d292873d7e45b07adc188f1785a035279/docs/oi_tracker_data_revisions.md,Opportunity Insights (claims from the U.S. Department of Labor),free use with attribution (README.md),2026-10-06,commit b8adef9,context
docs/oi_tracker_data_revisions.pdf,Revisions record (PDF),pdf,https://github.com/OpportunityInsights/EconomicTracker/blob/b8adef9d292873d7e45b07adc188f1785a035279/docs/oi_tracker_data_revisions.pdf,Opportunity Insights (claims from the U.S. Department of Labor),free use with attribution (README.md),2026-10-06,commit b8adef9,duplicate format
README.md,Repository readme with terms of use and citation,md,https://github.com/OpportunityInsights/EconomicTracker/blob/b8adef9d292873d7e45b07adc188f1785a035279/README.md,Opportunity Insights (claims from the U.S. Department of Labor),free use with attribution (README.md),2026-10-06,commit b8adef9,provenance
README_provenance.md,"Author note recording source, pull date and terms of every file",md,written by task author,task author,n/a,2026-10-06,"derived file, provenance stated inside",provenance
office_forecasting_standard.md,Scenario document stating the office forecasting standard,md,written by task author,task author,n/a,2026-10-06,"scenario document, provenance stated inside",yes
