file,role,format,source_url,publisher,license,pull_date,version_or_note,load_bearing
pollster-ratings/raw_polls.csv,Current vintage of the pollster ratings record; one row per poll question with poll and actual margins (20466 rows),csv,https://raw.githubusercontent.com/fivethirtyeight/data/master/pollster-ratings/raw_polls.csv,FiveThirtyEight,CC BY 4.0,2026-10-06,commit 4c1ff5e,yes
pollster-ratings/pollster-ratings-combined.csv,Published ratings for the current vintage (rank and grade),csv,https://raw.githubusercontent.com/fivethirtyeight/data/master/pollster-ratings/pollster-ratings-combined.csv,FiveThirtyEight,CC BY 4.0,2026-10-06,commit 4c1ff5e,"distractor, realistic"
pollster-ratings/README.md,Codebook for the current vintage,md,https://raw.githubusercontent.com/fivethirtyeight/data/master/pollster-ratings/README.md,FiveThirtyEight,CC BY 4.0,2026-10-06,commit 4c1ff5e,yes
pollster-ratings/README_PRE2024.md,Codebook for the 2014 to 2023 vintages,md,https://raw.githubusercontent.com/fivethirtyeight/data/master/pollster-ratings/README_PRE2024.md,FiveThirtyEight,CC BY 4.0,2026-10-06,commit 4c1ff5e,yes
pollster-ratings/LICENSE,CC BY 4.0 licence text,txt,https://raw.githubusercontent.com/fivethirtyeight/data/master/LICENSE,FiveThirtyEight,CC BY 4.0,2026-10-06,commit 4c1ff5e,provenance
pollster-ratings/2023/raw-polls.csv,2023 vintage of the record with precomputed error columns (11475 rows),csv,https://raw.githubusercontent.com/fivethirtyeight/data/master/pollster-ratings/2023/raw-polls.csv,FiveThirtyEight,CC BY 4.0,2026-10-06,commit 4c1ff5e,"distractor, realistic"
pollster-ratings/2023/pollster-ratings.csv,Published ratings for the 2023 vintage,csv,https://raw.githubusercontent.com/fivethirtyeight/data/master/pollster-ratings/2023/pollster-ratings.csv,FiveThirtyEight,CC BY 4.0,2026-10-06,commit 4c1ff5e,"distractor, realistic"
pollster-ratings/2023/pollster-stats-full.xlsx,Full statistics workbook behind the 2023 ratings,xlsx,https://raw.githubusercontent.com/fivethirtyeight/data/master/pollster-ratings/2023/pollster-stats-full.xlsx,FiveThirtyEight,CC BY 4.0,2026-10-06,commit 4c1ff5e,context
pollster-ratings/2021/raw-polls.csv,2021 vintage of the record (10776 rows); the previous selection reproduces from it,csv,https://raw.githubusercontent.com/fivethirtyeight/data/master/pollster-ratings/2021/raw-polls.csv,FiveThirtyEight,CC BY 4.0,2026-10-06,commit 4c1ff5e,yes (control)
pollster-ratings/2021/pollster-ratings.csv,Published ratings for the 2021 vintage,csv,https://raw.githubusercontent.com/fivethirtyeight/data/master/pollster-ratings/2021/pollster-ratings.csv,FiveThirtyEight,CC BY 4.0,2026-10-06,commit 4c1ff5e,context
pollster-ratings/2021/pollster-stats-full.xlsx,Full statistics workbook behind the 2021 ratings,xlsx,https://raw.githubusercontent.com/fivethirtyeight/data/master/pollster-ratings/2021/pollster-stats-full.xlsx,FiveThirtyEight,CC BY 4.0,2026-10-06,commit 4c1ff5e,context
README_provenance.md,"Author note recording source, pull date and licence of every file",md,written by task author,task author,n/a,2026-10-06,"derived file, provenance stated inside",provenance
board_polling_partner_standard.md,Scenario document stating the board's polling partner standard,md,written by task author,task author,n/a,2026-10-06,"scenario document, provenance stated inside",yes
