month,pair,rate,published
2024-10,EURUSD,1.07,2024-10-28
2024-10,USDEUR,0.9346,2024-10-28
2024-11,EURUSD,1.0798,2024-11-28
2024-11,USDEUR,0.9261,2024-11-28
2024-12,EURUSD,1.0881,2024-12-28
2024-12,USDEUR,0.919,2024-12-28
2025-01,EURUSD,1.094,2025-01-28
2025-01,USDEUR,0.9141,2025-01-28
2025-02,EURUSD,1.0969,2025-02-28
2025-02,USDEUR,0.9117,2025-02-28
2025-03,EURUSD,1.0972,2025-03-28
2025-03,USDEUR,0.9114,2025-03-28
2025-04,EURUSD,1.0957,2025-04-28
2025-04,USDEUR,0.9127,2025-04-28
2025-05,EURUSD,1.0938,2025-05-28
2025-05,USDEUR,0.9142,2025-05-28
2025-06,EURUSD,1.0929,2025-06-28
2025-06,USDEUR,0.915,2025-06-28
2025-07,EURUSD,1.0943,2025-07-28
2025-07,USDEUR,0.9138,2025-07-28
2025-08,EURUSD,1.0985,2025-08-28
2025-08,USDEUR,0.9103,2025-08-28
2025-09,EURUSD,1.1055,2025-09-28
2025-09,USDEUR,0.9046,2025-09-28
2025-09,EURUSD,1.124,2025-10-02
2025-09,USDEUR,0.8897,2025-10-02
