platform,native_id,native_name,workflow_id,valid_from,valid_to
zapier,zap_82458317,Umber & Oak Interiors | Client onboarding,W023,,
zapier,zap_15890164,Internal | Client onboarding,W005,,
n8n,vm7r7rytqr4nzafq,Internal | Client onboarding,W003,2025-03-04,
n8n,rbbz3phph3dr99ya,Lumen Optical | Document e-sign,W040,,
n8n,jxs4udnp8czbekb6,Hollis & Reed Architects | Invoice reminder,W036,,
zapier,zap_60775358,Quarry Street Cycles | Document e-sign,W061,,
make,3631374,Granite Peak Mortgage | Review request,W035,,2025-06-05
make,3283543,Brightpath Dental | Invoice reminder,W013,,
make,3578812,Hollis & Reed Architects | Review request,W120,,
zapier,zap_32902076,Nimbus Cloud Print | Email enrichment,W110,,
zapier,zap_29763986,Birchwood Schools Trust | Order sync,W075,,
n8n,mc45wvnfn65ncdbc,Ivory Coast Catering | Weekly KPI report,W037,2025-06-05,
zapier,zap_40724404,Hollis & Reed Architects | Payment reconciliation,W053,,2025-05-16
make,3629943,Alder Point Accounting | Inventory alert,W077,,
make,3404699,Birchwood Schools Trust | Payment reconciliation,W092,2025-04-03,
zapier,zap_61677101,Ivory Coast Catering | Weekly KPI report,W037,,2025-06-18
make,3873677,Internal | Order sync,W004,2025-07-07,
make,3301943,Hollis & Reed Architects | Review request,W094,,
zapier,zap_95830736,Quarry Street Cycles | Document e-sign,W046,,
zapier,zap_44140957,Yarrow Health Foods | Lead intake to CRM,W089,,
n8n,mwpkpzh8a3mt7xs7,Harbor Lane Realty | Lead intake to CRM,W098,,
make,4285770,Internal | Document e-sign,W012,,
make,4721818,Eastgate Motors | Booking confirmation,W065,,
make,3026367,Alder Point Accounting | Invoice reminder,W074,2025-06-16,
zapier,zap_46922679,Internal | Payment reconciliation,W007,,
zapier,zap_35900805,Orchard Row Bakery | Document e-sign,W052,,
zapier,zap_80671160,Fernhill Garden Centre | Invoice reminder,W063,,
make,3967875,Willow Creek Vets | Document e-sign,W025,,
n8n,9hv9u2k42wg6t2fa,Quarry Street Cycles | Weekly KPI report,W108,,
zapier,zap_18923289,Alder Point Accounting | Invoice reminder,W074,,2025-06-29
zapier,zap_65110406,Alder Point Accounting | Client onboarding,W029,,2025-06-21
make,3269812,Harbor Lane Realty | Booking confirmation,W112,,
n8n,we6rh52bbyfkz6vs,sandbox / scratch,,,
zapier,zap_54145618,sandbox / scratch,,,
zapier,zap_19050444,Pinecrest Physio | Weekly KPI report,W069,,
make,4180192,Redwood HVAC | Client onboarding,W020,,
zapier,zap_11706625,Harbor Lane Realty | Invoice reminder,W015,,
make,3546933,Cobalt Roofing | Document e-sign,W115,,
make,4474143,Lumen Optical | Invoice reminder,W106,,
make,3259495,Summit Ridge Solar | Document e-sign,W021,,
make,4724535,Redwood HVAC | Email enrichment,W070,,
zapier,zap_62761754,Umber & Oak Interiors | Lead intake to CRM,W078,,
zapier,zap_20684421,Birchwood Schools Trust | Invoice reminder,W100,,
make,4941760,Dunmore Logistics | Order sync,W032,,
zapier,zap_73042532,Zephyr Travel Group | Inventory alert,W085,,
zapier,zap_52534848,Hollis & Reed Architects | Inventory alert,W062,,2025-03-05
make,4374628,Cobalt Roofing | Client onboarding,W031,,
zapier,zap_76143067,Fernhill Garden Centre | Order sync,W048,,
make,3020575,Orchard Row Bakery | Inventory alert,W017,,
zapier,zap_55534040,Orchard Row Bakery | Lead intake to CRM,W045,,
zapier,zap_94769777,sandbox / scratch,,,
zapier,zap_78752128,Internal | Order sync,W004,,2025-07-20
make,3097851,Internal | Weekly KPI report,W010,,
zapier,zap_57834641,Calder & Voss Legal | Payment reconciliation,W079,,
zapier,zap_42866922,Kestrel Drones | Booking confirmation,W059,,
zapier,zap_73875402,Internal | Support ticket triage,W009,,2025-04-28
zapier,zap_60459419,Vantage Freight Co | Payment reconciliation,W102,,
make,3620275,Internal | Support ticket triage,W009,2025-04-15,
zapier,zap_30286017,Willow Creek Vets | Support ticket triage,W116,,2025-04-04
n8n,dj79y47cbstnkwgg,Kestrel Drones | Inventory alert,W109,,
make,3397206,Willow Creek Vets | Support ticket triage,W116,2025-03-22,
make,3739656,Nimbus Cloud Print | Client onboarding,W101,,
n8n,j4mbv98fywgchrbg,Quarry Street Cycles | Support ticket triage,W042,,
zapier,zap_93245841,Vantage Freight Co | Invoice reminder,W105,,2025-06-20
make,3096261,Internal | Support ticket triage,W008,,
zapier,zap_80048486,Dunmore Logistics | Booking confirmation,W066,,
zapier,zap_83463966,Vantage Freight Co | Weekly KPI report,W080,,2025-06-11
zapier,zap_51390498,Brightpath Dental | Payment reconciliation,W111,,
n8n,fa8y3dewbza6eg76,Granite Peak Mortgage | Review request,W035,2025-05-23,
n8n,v38j7hjteq29b6qa,Juniper Learning | Weekly KPI report,W090,,
make,3234751,Granite Peak Mortgage | Review request,W113,,
zapier,zap_26721450,sandbox / scratch,,,
make,3327299,Hollis & Reed Architects | Payment reconciliation,W053,2025-05-03,
make,4751171,Pinecrest Physio | Weekly KPI report,W119,,
make,3684335,Kestrel Drones | Invoice reminder,W039,,
zapier,zap_21291727,Eastgate Motors | Booking confirmation,W033,,
zapier,zap_57141218,Willow Creek Vets | Client onboarding,W097,,
zapier,zap_17538353,Summit Ridge Solar | Client onboarding,W117,,
n8n,t62wx9t2sgmwus2t,Fernhill Garden Centre | Document e-sign,W047,,
make,3590372,Alder Point Accounting | Client onboarding,W086,,
zapier,zap_24040420,Tidewater Marine Supply | Document e-sign,W055,,
make,4294334,Yarrow Health Foods | Booking confirmation,W104,,
zapier,zap_84981503,Zephyr Travel Group | Inventory alert,W028,,
n8n,ar444w7kqv3q2p62,Eastgate Motors | Invoice reminder,W088,,
zapier,zap_36925279,Internal | Lead intake to CRM,W011,,
zapier,zap_22226437,Nimbus Cloud Print | Order sync,W050,,
n8n,87xkkez9brsv6trr,Yarrow Health Foods | Booking confirmation,W068,,
zapier,zap_18269328,Orchard Row Bakery | Support ticket triage,W114,,
make,4514806,Yarrow Health Foods | Weekly KPI report,W082,,
make,3640306,Alder Point Accounting | Client onboarding,W029,2025-06-08,
n8n,w6t3crdd3j4c5ke3,Willow Creek Vets | Weekly KPI report,W072,,
n8n,e4xwu7m4qejq4xye,Calder & Voss Legal | Document e-sign,W014,,
make,4147193,Brightpath Dental | Invoice reminder,W081,,
make,4633565,Cobalt Roofing | Email enrichment,W067,,
make,3948036,Alder Point Accounting | Client onboarding,W076,,
zapier,zap_33160051,Internal | Lead intake to CRM,W002,,
n8n,ty8t5z6t8qa6est2,Vantage Freight Co | Invoice reminder,W105,2025-06-07,
zapier,zap_61892563,Eastgate Motors | Document e-sign,W041,,
zapier,zap_51887314,Birchwood Schools Trust | Payment reconciliation,W092,,2025-04-16
zapier,zap_59984292,Orchard Row Bakery | Weekly KPI report,W064,,
make,3441352,Alder Point Accounting | Inventory alert,W091,,
n8n,wfyjp6jsh8acx36x,Tidewater Marine Supply | Document e-sign,W051,,
make,3885559,Ivory Coast Catering | Lead intake to CRM,W103,,
zapier,zap_31435506,Umber & Oak Interiors | Document e-sign,W057,,
zapier,zap_93386457,Nimbus Cloud Print | Support ticket triage,W016,,
make,3819472,Lumen Optical | Weekly KPI report,W058,,
make,3905216,sandbox / scratch,,,
make,4573777,Quarry Street Cycles | Lead intake to CRM,W049,,
zapier,zap_39363893,Xenon Fitness | Lead intake to CRM,W026,,
make,3129673,Kestrel Drones | Review request,W071,,2025-01-28
make,3248620,sandbox / scratch,,,
make,3778013,Kestrel Drones | Document e-sign,W044,,
n8n,8sk2b6gsah8psugm,Quarry Street Cycles | Document e-sign,W084,,
n8n,mfgy365t9u8ycakj,Pinecrest Physio | Inventory alert,W018,,
make,3184832,Fernhill Garden Centre | Booking confirmation,W034,,
zapier,zap_88291341,Zephyr Travel Group | Review request,W043,,
n8n,nvcp786cvynwcgx9,Kestrel Drones | Review request,W071,2025-01-15,
make,4820818,Birchwood Schools Trust | Order sync,W030,,
zapier,zap_24772452,Juniper Learning | Inventory alert,W038,,
zapier,zap_98572189,Internal | Invoice reminder,W006,,
zapier,zap_35177758,Tidewater Marine Supply | Email enrichment,W056,,
zapier,zap_59738905,Tidewater Marine Supply | Inventory alert,W022,,
n8n,ww7dj6gyc58g9p63,sandbox / scratch,,,
zapier,zap_37270233,Yarrow Health Foods | Support ticket triage,W027,,
zapier,zap_44985774,Lumen Optical | Inventory alert,W087,,
n8n,z7hmxu9gb36qutwc,Harbor Lane Realty | Client onboarding,W099,,
make,4475258,Eastgate Motors | Inventory alert,W093,,
make,4873319,Hollis & Reed Architects | Inventory alert,W062,2025-02-20,
n8n,tmzenruvmctq739c,Vantage Freight Co | Weekly KPI report,W080,2025-05-29,
make,3670253,Quarry Street Cycles | Client onboarding,W054,,
make,4000893,Internal | Client onboarding,W003,,2025-03-17
n8n,wm5u78upgxc6fg3c,Summit Ridge Solar | Invoice reminder,W060,,
n8n,t9t4vdcqget67cfk,Yarrow Health Foods | Email enrichment,W073,,
make,3851175,Vantage Freight Co | Document e-sign,W024,,
n8n,7eu3stkyjsba3wu7,Vantage Freight Co | Invoice reminder,W083,,
make,4668023,Birchwood Schools Trust | Document e-sign,W107,,
zapier,zap_40439782,Fernhill Garden Centre | Invoice reminder,W096,,
zapier,zap_20390519,Quarry Street Cycles | Weekly KPI report,W019,,
make,3728110,Internal | Document e-sign,W001,,
make,3797375,Summit Ridge Solar | Booking confirmation,W118,,
zapier,zap_54481032,Vantage Freight Co | Invoice reminder,W095,,
