station_id,station_name,days_measured,qualifies,reason_not_qualifying,certified_total_mm
US1MABA0001,YARMOUTH 2.3 SSE,345,N,20 days not measured,
US1MABA0002,FALMOUTH 3.1 NNW,365,Y,,1129.5
US1MABA0003,FALMOUTH 3.0 E,364,N,1 days not measured,
US1MABA0007,WELLFLEET 3.0 E,315,N,50 days not measured,
US1MABA0010,EAST SANDWICH 2.3 SE,365,Y,,1128.7
US1MABA0011,EAST FALMOUTH 1.4 ESE,364,N,1 days not measured,
US1MABA0012,ORLEANS 1.1 E,362,N,3 days not measured,
US1MABA0013,FALMOUTH 0.6 NNW,364,N,1 days not measured,
US1MABA0017,EAST FALMOUTH 1.2 WNW,362,N,3 days not measured,
US1MABA0018,WAQUOIT 0.6 SSW,360,N,5 days not measured,
US1MABA0019,EAST FALMOUTH 0.7 NW,326,N,39 days not measured,
US1MABA0023,HARWICH 2.9 NE,1,N,364 days not measured,
US1MABA0027,WELLFLEET 0.7 NW,359,N,6 days not measured,
US1MABA0042,ORLEANS 1.8 S,365,Y,,1125.2
US1MABA0043,CHATHAM 0.4 WSW,358,N,7 days not measured,
US1MABA0045,SANDWICH 0.9 NNE,364,N,1 days not measured,
US1MABA0046,EAST FALMOUTH 0.2 ESE,54,N,311 days not measured,
US1MABA0047,MASHPEE 2.4 WSW,181,N,184 days not measured,
US1MABA0050,FALMOUTH 5.4 NNE,359,N,6 days not measured,
US1MABA0051,ORLEANS 3.0 S,365,Y,,1334.1
US1MABA0052,TRURO 0.8 E,364,N,1 days not measured,
US1MABA0057,FALMOUTH 5.7 N,364,N,1 days not measured,
US1MABA0059,BARNSTABLE 3.6 W,365,Y,,1356.3
US1MABA0060,HYANNIS 0.7 WNW,347,N,18 days not measured,
US1MABA0064,SANDWICH 1.5 SSE,290,N,75 days not measured,
US1MABA0065,CHATHAM 0.2 SSE,191,N,174 days not measured,
US1MABA0069,EASTHAM 0.9 SW,269,N,96 days not measured,
US1MABA0071,CHATHAM 1.6 WNW,104,N,261 days not measured,
US1MABA0072,YARMOUTH 2.0 S,362,N,3 days not measured,
US1MABA0075,ORLEANS 2.4 E,2,N,363 days not measured,
US1MABA0076,BARNSTABLE 0.7 NE,365,Y,,1141.5
US1MABA0077,SOUTH DENNIS 1.0 NW,354,N,11 days not measured,
US1MABA0078,MASHPEE 4.6 S,364,N,1 days not measured,
US1MABA0079,MASHPEE 0.8 SSW,365,Y,,1196.9
US1MABA0080,BREWSTER 1.4 W,352,N,13 days not measured,
US1MABA0083,MASHPEE 2.5 W,365,Y,,1179.5
US1MABA0087,FALMOUTH 1.5 NNW,361,N,4 days not measured,
US1MABA0092,MASHPEE 3.2 WSW,364,N,1 days not measured,
US1MABA0093,CHATHAM 0.5 ESE,82,N,283 days not measured,
US1MABA0095,HARWICH 0.6 N,45,N,320 days not measured,
US1MABA0099,MASHPEE 4.7 SSW,351,N,14 days not measured,
US1MABA0100,EAST DENNIS 0.4 S,94,N,271 days not measured,
US1MABA0101,NORTH FALMOUTH 1.2 SE,63,N,302 days not measured,
US1MABA0102,SANDWICH 4.1 SSE,356,N,9 days not measured,
US1MABA0105,FALMOUTH 4.9 NNW,354,N,11 days not measured,
US1MABA0106,CENTERVILLE 0.4 WNW,357,N,8 days not measured,
US1MABA0107,DENNIS 0.8 S,360,N,5 days not measured,
US1MABA0108,OSTERVILLE 1.6 NNW,365,Y,,1171.5
US1MABA0109,N FALMOUTH 0.7 E,363,N,2 days not measured,
US1MABA0110,DENNIS 2.9 E,213,N,152 days not measured,
US1MABA0111,BOURNE 0.6 ESE,197,N,168 days not measured,
US1MABA0112,NORTH FALMOUTH 1.0 NE,246,N,119 days not measured,
US1MABA0115,POCASSET 1.0 NNW,147,N,218 days not measured,
US1MABA0117,FALMOUTH 4.8 N,130,N,235 days not measured,
US1MABA0118,HYANNIS 2.9 ENE,83,N,282 days not measured,
US1MABA0119,DENNIS 2.4 SE,35,N,330 days not measured,
US1MABE0002,GREAT BARRINGTON 0.4 N,355,N,10 days not measured,
US1MABE0011,GREAT BARRINGTON 3.0 N,357,N,8 days not measured,
US1MABE0013,CHESHIRE 2.0 SW,3,N,362 days not measured,
US1MABE0019,ALFORD 1.9 SW,31,N,334 days not measured,
US1MABE0020,LEE 3.7 SE,1,N,364 days not measured,
US1MABE0021,CHESHIRE 0.5 NNW,365,Y,,1246.8
US1MABE0024,HANCOCK 3.6 NNE,314,N,51 days not measured,
US1MABE0031,PITTSFIELD 2.8 W,313,N,52 days not measured,
US1MABE0032,ADAMS 0.4 WNW,73,N,292 days not measured,
US1MABE0034,CLARKSBURG 1.2 ENE,365,Y,,1209.8
US1MABE0035,BECKET 4.4 SSE,203,N,162 days not measured,
US1MABE0036,CHESHIRE 2.6 N,365,Y,,1232.6
US1MABE0037,WILLIAMSTOWN 1.8 WNW,360,N,5 days not measured,
US1MABE0038,PITTSFIELD AIRPORT,227,N,138 days not measured,
US1MABE0039,STOCKBRIDGE 0.9 SE,6,N,359 days not measured,
US1MABR0002,REHOBOTH 2.1 N,358,N,7 days not measured,
US1MABR0008,DIGHTON 1.1 WSW,365,Y,,1155.8
US1MABR0014,DARTMOUTH 2.5 SSW,365,Y,,991.5
US1MABR0016,SOMERSET 0.4 SSE,361,N,4 days not measured,
US1MABR0018,FAIRHAVEN 2.2 ESE,357,N,8 days not measured,
US1MABR0023,ATTLEBORO 0.9 ENE,365,Y,,1171.5
US1MABR0030,TAUNTON 3.9 N,361,N,4 days not measured,
US1MABR0037,WESTPORT 0.9 ESE,2,N,363 days not measured,
US1MABR0052,NEW BEDFORD 4.3 N,360,N,5 days not measured,
US1MABR0058,DIGHTON 3.3 NNW,365,Y,,1152.7
US1MABR0061,MANSFIELD 2.4 ENE,365,Y,,1167.4
US1MABR0062,WESTPORT 6.6 SSE,317,N,48 days not measured,
US1MABR0063,SWANSEA 2.1 W,350,N,15 days not measured,
US1MABR0068,NORTON 0.8 S,17,N,348 days not measured,
US1MABR0072,SOMERSET 2.3 NNE,365,Y,,1153.2
US1MABR0079,FAIRHAVEN 1.9 ENE,185,N,180 days not measured,
US1MABR0085,MANSFIELD 0.6 ENE,358,N,7 days not measured,
US1MABR0090,SWANSEA 2.2 WSW,275,N,90 days not measured,
US1MABR0093,SOMERSET 3.5 NNE,247,N,118 days not measured,
US1MADK0002,VINEYARD HAVEN 0.8 WSW,365,Y,,1133.8
US1MADK0009,WEST TISBURY 0.4 S,327,N,38 days not measured,
US1MADK0018,OAK BLUFFS 0.1 SW,363,N,2 days not measured,
US1MADK0021,CHILMARK 0.9 E,364,N,1 days not measured,
US1MADK0022,EDGARTOWN 1.3 WNW,323,N,42 days not measured,
US1MADK0023,WEST TISBURY 2.6 NNE,154,N,211 days not measured,
US1MADK0025,WEST TISBURY 3.6 NE,278,N,87 days not measured,
US1MADK0026,EDGARTOWN 0.6 S,137,N,228 days not measured,
US1MADK0027,WEST TISBURY 0.7 NNE,230,N,135 days not measured,
US1MAES0004,GROVELAND 0.5 WSW,365,Y,,911.1
US1MAES0012,BOXFORD 2.4 S,365,Y,,979.9
US1MAES0019,WEST NEWBURY 1.8 SSE,172,N,193 days not measured,
US1MAES0020,HAVERHILL 0.7 N,357,N,8 days not measured,
US1MAES0022,ROCKPORT 1.0 E,348,N,17 days not measured,
US1MAES0024,NEWBURYPORT 0.8 SW,365,Y,,961.5
US1MAES0025,GLOUCESTER 4.3 N,75,N,290 days not measured,
US1MAES0041,DANVERS 0.8 ESE,365,Y,,1004.3
US1MAES0045,NAHANT 0.4 N,344,N,21 days not measured,
US1MAES0048,ANDOVER 0.6 E,365,Y,,950.9
US1MAES0054,GLOUCESTER 2.1 NW,91,N,274 days not measured,
US1MAES0056,NEWBURYPORT 1.0 ESE,115,N,250 days not measured,
US1MAES0058,MIDDLETON 1.4 SSW,364,N,1 days not measured,
US1MAES0061,AMESBURY 2.6 WSW,361,N,4 days not measured,
US1MAES0064,NEWBURYPORT 0.4 NNW,347,N,18 days not measured,
US1MAES0066,NORTH ANDOVER 0.3 NW,364,N,1 days not measured,
US1MAES0071,DANVERS 2.5 NNE,362,N,3 days not measured,
US1MAES0076,NAHANT 0.7 N,345,N,20 days not measured,
US1MAES0077,GROVELAND 1.2 NE,364,N,1 days not measured,
US1MAES0084,BEVERLY 0.5 SW,349,N,16 days not measured,
US1MAES0085,TOPSFIELD 1.7 N,153,N,212 days not measured,
US1MAES0086,WEST NEWBURY 1.1 ESE,322,N,43 days not measured,
US1MAES0089,WEST NEWBURY 0.5 SSE,138,N,227 days not measured,
US1MAES0090,HAVERHILL 0.8 SW,347,N,18 days not measured,
US1MAES0093,METHUEN 2.1 NW,359,N,6 days not measured,
US1MAES0094,MARBLEHEAD 1.9 NNE,362,N,3 days not measured,
US1MAES0095,BOXFORD 1.8 WSW,357,N,8 days not measured,
US1MAES0097,HAMILTON 0.7 WSW,363,N,2 days not measured,
US1MAES0099,BEVERLY 1.3 ENE,302,N,63 days not measured,
US1MAES0100,BEVERLY 1.6 W,325,N,40 days not measured,
US1MAES0102,MARBLEHEAD 0.6 WNW,171,N,194 days not measured,
US1MAES0103,GLOUCESTER 1.8 WSW,200,N,165 days not measured,
US1MAES0104,DANVERS 1.1 E,360,N,5 days not measured,
US1MAES0105,METHUEN 1.4 NE,185,N,180 days not measured,
US1MAFR0008,NEW SALEM 3.1 S,365,Y,,983.1
US1MAFR0010,CONWAY 0.9 SW,364,N,1 days not measured,
US1MAFR0012,SUNDERLAND 1.3 SE,365,Y,,1111.9
US1MAFR0013,CONWAY 2.9 NW,365,Y,,1298.2
US1MAFR0017,BUCKLAND 1.8 ESE,365,Y,,1290.1
US1MAFR0021,MILLERS FALLS 0.2 SW,186,N,179 days not measured,
US1MAFR0022,ASHFIELD 1.4 NE,169,N,196 days not measured,
US1MAFR0031,COLRAIN 3.7 WNW,365,Y,,1303.0
US1MAFR0035,BERNARDSTON 1.0 SW,318,N,47 days not measured,
US1MAFR0036,MONTAGUE 3.4 NNW,360,N,5 days not measured,
US1MAFR0038,SHUTESBURY 2.9 SW,334,N,31 days not measured,
US1MAFR0041,CONWAY 3.4 WSW,365,Y,,1440.8
US1MAFR0045,GREENFIELD 1.6 N,3,N,362 days not measured,
US1MAFR0046,CONWAY 1.2 E,350,N,15 days not measured,
US1MAFR0047,TURNERS FALLS 0.1 NNW,365,Y,,1181.8
US1MAFR0048,GREENFIELD 0.6 N,215,N,150 days not measured,
US1MAFR0056,ORANGE 1.0 W,22,N,343 days not measured,
US1MAHD0013,SPRINGFIELD 4.1 W,364,N,1 days not measured,
US1MAHD0020,WILBRAHAM 3.7 SSW,18,N,347 days not measured,
US1MAHD0022,HOLYOKE 1.0 ENE,96,N,269 days not measured,
US1MAHD0026,BRIMFIELD 3.6 NW,356,N,9 days not measured,
US1MAHD0028,WESTFIELD 2.8 SE,365,Y,,1178.6
US1MAHD0029,WEST SPRINGFIELD 1.6 SSW,357,N,8 days not measured,
US1MAHD0030,HAMPDEN 2.0 NW,365,Y,,1150.3
US1MAHD0033,AGAWAM 1.1 SSW,365,Y,,1133.7
US1MAHD0036,WEST SPRINGFIELD 0.3 E,327,N,38 days not measured,
US1MAHD0040,WESTFIELD 1.7 S,322,N,43 days not measured,
US1MAHD0041,LONGMEADOW 1.3 NW,40,N,325 days not measured,
US1MAHD0043,LUDLOW 0.7 NW,149,N,216 days not measured,
US1MAHD0044,WESTFIELD 2.2 N,356,N,9 days not measured,
US1MAHD0046,WESTFIELD 3.2 SE,268,N,97 days not measured,
US1MAHD0049,WEST SPRINGFIELD 1.8 WSW,345,N,20 days not measured,
US1MAHD0053,WESTFIELD 1.8 SSW,131,N,234 days not measured,
US1MAHD0055,WESTFIELD 0.6 SE,329,N,36 days not measured,
US1MAHD0056,HOLYOKE 1.4 NE,173,N,192 days not measured,
US1MAHD0057,EAST LONGMEADOW 2.1 ENE,360,N,5 days not measured,
US1MAHD0058,SPRINGFIELD 0.9 E,314,N,51 days not measured,
US1MAHD0060,FEEDING HILLS 0.8 NNW,265,N,100 days not measured,
US1MAHD0062,SOUTHWICK 4.3 NW,339,N,26 days not measured,
US1MAHD0064,FEEDING HILLS 1.2 N,351,N,14 days not measured,
US1MAHD0065,WESTFIELD 1.8 SSE,310,N,55 days not measured,
US1MAHD0066,SPRINGFIELD 1.0 SE,221,N,144 days not measured,
US1MAHD0067,HOLLAND 1.0 SSW,196,N,169 days not measured,
US1MAHS0002,WESTHAMPTON 1.8 SW,336,N,29 days not measured,
US1MAHS0007,PLAINFIELD 2.2 SW,361,N,4 days not measured,
US1MAHS0008,WILLIAMSBURG 1.2 WSW,365,Y,,1336.6
US1MAHS0012,NORTHAMPTON 0.4 S,83,N,282 days not measured,
US1MAHS0020,EASTHAMPTON 1.3 ESE,117,N,248 days not measured,
US1MAHS0021,NORTHAMPTON 0.6 ESE,340,N,25 days not measured,
US1MAHS0026,EASTHAMPTON 0.5 SW,137,N,228 days not measured,
US1MAHS0045,WESTHAMPTON 0.4 WNW,365,Y,,1256.8
US1MAHS0047,GRANBY 0.5 WSW,237,N,128 days not measured,
US1MAHS0048,EASTHAMPTON 1.0 E,351,N,14 days not measured,
US1MAHS0055,FLORENCE 1.9 SW,337,N,28 days not measured,
US1MAHS0056,SOUTH HADLEY 3.2 SSW,364,N,1 days not measured,
US1MAHS0057,NORTHAMPTON 1.5 ESE,362,N,3 days not measured,
US1MAHS0058,NORTHAMPTON 2.7 NE,333,N,32 days not measured,
US1MAHS0059,BELCHERTOWN 1.8 NNE,44,N,321 days not measured,
US1MAHS0061,HADLEY 3.2 NNE,351,N,14 days not measured,
US1MAHS0062,SOUTHAMPTON 0.6 NE,358,N,7 days not measured,
US1MAHS0065,NORTHAMPTON 2.5 E,174,N,191 days not measured,
US1MAMD0004,TOWNSEND 3.2 NW,360,N,5 days not measured,
US1MAMD0007,WINCHESTER 0.7 SE,365,Y,,1034.8
US1MAMD0011,CAMBRIDGE 0.9 NNW,362,N,3 days not measured,
US1MAMD0012,ACTON 1.3 SW,365,Y,,1019.5
US1MAMD0018,BELMONT 0.2 ESE,215,N,150 days not measured,
US1MAMD0025,AYER 0.1 SW,362,N,3 days not measured,
US1MAMD0036,TOWNSEND 2.6 S,272,N,93 days not measured,
US1MAMD0042,HOLLISTON 0.8 S,357,N,8 days not measured,
US1MAMD0044,MEDFORD 1.2 W,365,Y,,1031.8
US1MAMD0051,MAYNARD 0.7 ESE,365,Y,,1065.9
US1MAMD0052,LEXINGTON 0.6 SW,363,N,2 days not measured,
US1MAMD0053,ACTON 4.0 ENE,305,N,60 days not measured,
US1MAMD0055,HOLLISTON 0.7 W,364,N,1 days not measured,
US1MAMD0062,CHELMSFORD 1.2 E,363,N,2 days not measured,
US1MAMD0071,NEWTON 2.2 NNW,337,N,28 days not measured,
US1MAMD0085,WILMINGTON 2.2 WNW,364,N,1 days not measured,
US1MAMD0089,SUDBURY 3.6 W,145,N,220 days not measured,
US1MAMD0104,LITTLETON 2.8 NNW,365,Y,,974.3
US1MAMD0105,LITTLETON 0.9 WSW,358,N,7 days not measured,
US1MAMD0107,FRAMINGHAM 1.7 E,3,N,362 days not measured,
US1MAMD0115,HUDSON 1.4 NW,365,Y,,1071.5
US1MAMD0119,WATERTOWN 1.1 W,362,N,3 days not measured,
US1MAMD0120,NATICK 1.9 NNE,364,N,1 days not measured,
US1MAMD0121,NEWTON 1.8 NNW,29,N,336 days not measured,
US1MAMD0123,LEXINGTON 1.3 SE,364,N,1 days not measured,
US1MAMD0125,TEWKSBURY 3.6 SSE,365,Y,,936.7
US1MAMD0126,MELROSE 0.5 NE,365,Y,,975.2
US1MAMD0131,ASHBY 1.8 WNW,98,N,267 days not measured,
US1MAMD0134,SOMERVILLE 0.5 SSE,363,N,2 days not measured,
US1MAMD0158,SHERBORN 1.1 NW,361,N,4 days not measured,
US1MAMD0160,READING 1.2 N,353,N,12 days not measured,
US1MAMD0168,PEPPERELL 0.6 SE,289,N,76 days not measured,
US1MAMD0169,PEPPERELL 2.1 SSW,325,N,40 days not measured,
US1MAMD0173,SUDBURY 2.7 WNW,120,N,245 days not measured,
US1MAMD0178,FRAMINGHAM 2.0 NNE,365,Y,,1070.0
US1MAMD0182,LEXINGTON 2.1 ESE,255,N,110 days not measured,
US1MAMD0185,CARLISLE 0.3 NNW,131,N,234 days not measured,
US1MAMD0186,WATERTOWN 1.1 NW,357,N,8 days not measured,
US1MAMD0189,PEPPERELL 2.2 SSW,314,N,51 days not measured,
US1MAMD0192,AYER 0.4 SSE,125,N,240 days not measured,
US1MAMD0195,LITTLETON 1.4 W,62,N,303 days not measured,
US1MAMD0197,LEXINGTON 2.8 N,195,N,170 days not measured,
US1MAMD0202,BILLERICA 1.9 SE,281,N,84 days not measured,
US1MAMD0204,BILLERICA 2.3 NNW,28,N,337 days not measured,
US1MAMD0205,FRAMINGHAM 1.6 ENE,351,N,14 days not measured,
US1MAMD0211,SUDBURY 1.8 N,313,N,52 days not measured,
US1MAMD0213,MAYNARD 0.6 NNE,100,N,265 days not measured,
US1MAMD0214,SOMERVILLE 1.0 S,364,N,1 days not measured,
US1MAMD0215,HOPKINTON 1.7 E,240,N,125 days not measured,
US1MAMD0217,CARLISLE 2.0 SE,365,Y,,961.8
US1MAMD0218,WALTHAM 1.6 SSE,36,N,329 days not measured,
US1MAMD0221,NATICK 1.3 NE,305,N,60 days not measured,
US1MAMD0222,LOWELL 2.6 ENE,364,N,1 days not measured,
US1MAMD0228,GROTON 4.2 WNW,332,N,33 days not measured,
US1MAMD0230,HUDSON 1.1 N,173,N,192 days not measured,
US1MAMD0231,CAMBRIDGE 1.0 WNW,364,N,1 days not measured,
US1MAMD0232,WINCHESTER 1.2 SE,331,N,34 days not measured,
US1MAMD0245,DRACUT 1.8 ENE,356,N,9 days not measured,
US1MAMD0246,WINCHESTER 0.8 W,323,N,42 days not measured,
US1MAMD0247,BILLERICA 1.1 NNE,354,N,11 days not measured,
US1MAMD0250,MELROSE 1.0 WNW,281,N,84 days not measured,
US1MAMD0251,CHELMSFORD 2.8 SSW,271,N,94 days not measured,
US1MAMD0256,LEXINGTON 0.9 ENE,131,N,234 days not measured,
US1MAMD0257,CHELMSFORD 1.8 NW,39,N,326 days not measured,
US1MANF0001,NORWOOD 1.3 NW,365,Y,,1141.7
US1MANF0007,MILLIS 0.6 SSE,16,N,349 days not measured,
US1MANF0011,MILLIS 2.0 SW,351,N,14 days not measured,
US1MANF0019,FOXBOROUGH 1.8 SSW,363,N,2 days not measured,
US1MANF0026,BELLINGHAM 2.4 S,344,N,21 days not measured,
US1MANF0031,STOUGHTON 1.2 E,364,N,1 days not measured,
US1MANF0039,WEYMOUTH 2.3 N,125,N,240 days not measured,
US1MANF0045,BRAINTREE 1.7 SSW,53,N,312 days not measured,
US1MANF0050,MILLIS 1.4 ENE,257,N,108 days not measured,
US1MANF0054,QUINCY 1.2 W,365,Y,,1175.5
US1MANF0062,FRANKLIN 1.4 SW,365,Y,,1178.6
US1MANF0063,NORFOLK 1.1 W,269,N,96 days not measured,
US1MANF0065,MILTON 1.3 N,363,N,2 days not measured,
US1MANF0067,BELLINGHAM 3.6 SSW,364,N,1 days not measured,
US1MANF0068,QUINCY 1.5 SSE,363,N,2 days not measured,
US1MANF0073,FOXBOROUGH 3.1 E,362,N,3 days not measured,
US1MANF0075,BRAINTREE 1.5 SE,362,N,3 days not measured,
US1MANF0078,WALPOLE 1.4 SW,358,N,7 days not measured,
US1MANF0079,FOXBOROUGH 0.3 S,92,N,273 days not measured,
US1MANF0080,NORWOOD 1.2 WSW,304,N,61 days not measured,
US1MANF0081,WEYMOUTH 3.1 N,25,N,340 days not measured,
US1MANF0082,WESTWOOD 1.5 SSW,361,N,4 days not measured,
US1MANF0083,WEYMOUTH 2.0 NNE,63,N,302 days not measured,
US1MANF0085,WELLESLEY 1.4 WNW,336,N,29 days not measured,
US1MANF0086,NORFOLK 1.6 WSW,365,Y,,1183.7
US1MANF0087,WALPOLE 3.8 N,3,N,362 days not measured,
US1MANF0091,MILTON 1.6 S,197,N,168 days not measured,
US1MANF0092,PLAINVILLE 2.4 NE,359,N,6 days not measured,
US1MANF0094,NEEDHAM 1.0 SE,363,N,2 days not measured,
US1MANF0096,SOUTH WEYMOUTH 1.3 ENE,356,N,9 days not measured,
US1MANF0097,COHASSET 0.7 WNW,194,N,171 days not measured,
US1MANT0001,NANTUCKET 3.8 WNW,349,N,16 days not measured,
US1MANT0002,NANTUCKET 2.2 E,118,N,247 days not measured,
US1MANT0009,NANTUCKET 5.9 ESE,249,N,116 days not measured,
US1MAPL0002,SAGAMORE BEACH 1.0 NW,225,N,140 days not measured,
US1MAPL0005,KINGSTON 3.3 WNW,360,N,5 days not measured,
US1MAPL0015,ABINGTON 1.2 NNE,364,N,1 days not measured,
US1MAPL0017,PLYMPTON 0.9 NNE,331,N,34 days not measured,
US1MAPL0021,BRIDGEWATER 0.1 ESE,97,N,268 days not measured,
US1MAPL0022,EAST BRIDGEWATER 0.3 WSW,291,N,74 days not measured,
US1MAPL0023,PEMBROKE 2.8 SW,365,Y,,1248.3
US1MAPL0031,BRIDGEWATER 1.8 SE,210,N,155 days not measured,
US1MAPL0036,HINGHAM 0.8 ESE,346,N,19 days not measured,
US1MAPL0048,MARSHFIELD 1.5 NNW,365,Y,,1277.4
US1MAPL0054,PLYMOUTH 12.5 SSE,41,N,324 days not measured,
US1MAPL0055,CARVER 2.3 E,344,N,21 days not measured,
US1MAPL0057,HANSON 1.8 N,355,N,10 days not measured,
US1MAPL0060,ABINGTON 1.7 ESE,365,Y,,1283.4
US1MAPL0061,MIDDLEBOROUGH 3.5 SSE,46,N,319 days not measured,
US1MAPL0063,WAREHAM 5.6 NE,365,Y,,1316.3
US1MAPL0065,MARSHFIELD 1.4 ENE,3,N,362 days not measured,
US1MAPL0066,MARION 1.3 N,365,Y,,1159.3
US1MAPL0072,NORTH MARSHFIELD 0.6 NNE,325,N,40 days not measured,
US1MAPL0073,SCITUATE 1.4 N,360,N,5 days not measured,
US1MAPL0075,PEMBROKE 3.3 NNE,37,N,328 days not measured,
US1MAPL0076,ROCHESTER 4.2 NNE,221,N,144 days not measured,
US1MAPL0077,WEST WAREHAM 0.4 ENE,365,Y,,1216.1
US1MAPL0078,HANOVER 4.2 WNW,249,N,116 days not measured,
US1MAPL0079,PLYMOUTH 4.5 SSE,276,N,89 days not measured,
US1MAPL0081,BROCKTON 1.6 NNE,240,N,125 days not measured,
US1MASF0010,CHELSEA 0.8 N,362,N,3 days not measured,
US1MASF0031,BOSTON 6.5 SW,358,N,7 days not measured,
US1MASF0038,BOSTON 3.1 SW,268,N,97 days not measured,
US1MASF0041,BOSTON 2.6 WSW,57,N,308 days not measured,
US1MAWR0008,FITCHBURG 1.6 SSW,354,N,11 days not measured,
US1MAWR0018,NORTHBOROUGH 0.6 SSE,313,N,52 days not measured,
US1MAWR0025,HOLDEN 2.0 ESE,155,N,210 days not measured,
US1MAWR0027,WEST BOYLSTON 1.5 S,8,N,357 days not measured,
US1MAWR0028,BERLIN 1.3 WSW,365,Y,,1048.8
US1MAWR0030,SHREWSBURY 1.6 NNE,365,Y,,1152.0
US1MAWR0040,GARDNER 1.4 SSW,362,N,3 days not measured,
US1MAWR0041,AUBURN 2.6 SW,364,N,1 days not measured,
US1MAWR0043,LEICESTER 2.4 ESE,361,N,4 days not measured,
US1MAWR0044,WESTMINSTER 0.6 WSW,365,Y,,1129.8
US1MAWR0054,BARRE 1.4 NNE,356,N,9 days not measured,
US1MAWR0055,HARVARD 2.1 S,201,N,164 days not measured,
US1MAWR0056,STERLING 4.3 NW,364,N,1 days not measured,
US1MAWR0058,LUNENBURG 0.6 NE,346,N,19 days not measured,
US1MAWR0063,RUTLAND 3.1 SW,229,N,136 days not measured,
US1MAWR0069,NORTHBRIDGE 1.7 WNW,357,N,8 days not measured,
US1MAWR0075,WARREN 2.4 WSW,365,Y,,1230.1
US1MAWR0080,WINCHENDON 3.2 S,116,N,249 days not measured,
US1MAWR0081,WORCESTER 1.6 SE,365,Y,,1181.9
US1MAWR0088,LEICESTER 2.5 WSW,365,Y,,1257.0
US1MAWR0089,HOLDEN 0.9 SSE,353,N,12 days not measured,
US1MAWR0090,UPTON 0.4 NE,365,Y,,1135.1
US1MAWR0098,WORCESTER 2.2 NW,313,N,52 days not measured,
US1MAWR0099,HOLDEN 0.9 W,218,N,147 days not measured,
US1MAWR0100,DOUGLAS 1.9 NNE,357,N,8 days not measured,
US1MAWR0105,DUDLEY 1.0 ESE,1,N,364 days not measured,
US1MAWR0106,ATHOL 2.8 NNE,364,N,1 days not measured,
US1MAWR0112,SHREWSBURY 0.4 S,365,Y,,1212.5
US1MAWR0113,WORCESTER 2.0 SE,362,N,3 days not measured,
US1MAWR0116,STURBRIDGE 2.4 NW,111,N,254 days not measured,
US1MAWR0118,STURBRIDGE 4.6 SW,365,Y,,1233.7
US1MAWR0119,SHREWSBURY 2.5 SSW,291,N,74 days not measured,
US1MAWR0123,WESTBOROUGH 1.6 W,354,N,11 days not measured,
US1MAWR0127,LANCASTER 0.6 NNE,351,N,14 days not measured,
US1MAWR0130,NORTHBOROUGH 0.7 SE,344,N,21 days not measured,
US1MAWR0131,BOYLSTON 1.5 S,327,N,38 days not measured,
US1MAWR0134,WINCHENDON 1.2 SSE,365,Y,,1105.6
US1MAWR0135,WORCESTER 1.7 NNW,21,N,344 days not measured,
US1MAWR0137,WEST BROOKFIELD 3.1 NNE,365,Y,,1196.3
US1MAWR0138,UXBRIDGE 2.4 WSW,363,N,2 days not measured,
US1MAWR0140,SPENCER 1.7 W,329,N,36 days not measured,
US1MAWR0143,GILBERTVILLE 1.4 ENE,214,N,151 days not measured,
US1MAWR0144,FITCHBURG 1.5 NNE,96,N,269 days not measured,
USC00190120,AMHERST,365,Y,,1138.5
USC00190190,ASHBURNHAM,365,Y,,1107.3
USC00190192,ASHBURNHAM N,365,Y,,1105.2
USC00190408,BARRE FALLS DAM,364,N,1 days not measured,
USC00190562,BELCHERTOWN,365,Y,,1146.2
USC00190593,BEVERLY,355,N,10 days not measured,
USC00190666,BIRCH HILL DAM,353,N,12 days not measured,
USC00190736,BLUE HILL COOP,365,Y,,1199.3
USC00190840,BRIDGEWATER,364,N,1 days not measured,
USC00190860,BROCKTON,365,Y,,1136.9
USC00190998,BUFFUMVILLE LAKE,364,N,1 days not measured,
USC00192107,E BRIMFIELD LAKE,365,Y,,1129.6
USC00192175,E HAWLEY,356,N,9 days not measured,
USC00192372,E SANDWICH,365,Y,,1203.7
USC00192451,E WAREHAM,365,Y,,1297.0
USC00192501,EDGARTOWN,365,Y,,1043.5
USC00192807,FITCHBURG COOP,365,Y,,1145.8
USC00192997,FRANKLIN,352,N,13 days not measured,
USC00193229,GREENFIELD #3,363,N,2 days not measured,
USC00193276,GROVELAND,365,Y,,912.6
USC00193402,HARDWICK 2 ESE,365,Y,,1100.7
USC00193505,HAVERHILL,360,N,5 days not measured,
USC00193624,HINGHAM,311,N,54 days not measured,
USC00193821,HYANNIS,365,Y,,1055.7
USC00193890,JAMAICA PLAIN,365,Y,,1210.2
USC00194105,LAWRENCE,291,N,74 days not measured,
USC00194131,LENOX DALE,364,N,1 days not measured,
USC00194154,LEVERETT #2,365,Y,,1095.1
USC00194313,LOWELL,362,N,3 days not measured,
USC00194502,MARBLEHEAD,365,Y,,1036.1
USC00194711,MIDDLEBORO,345,N,20 days not measured,
USC00194744,MIDDLETON,363,N,2 days not measured,
USC00194760,MILFORD,365,Y,,1145.8
USC00195160,NANTUCKET,351,N,14 days not measured,
USC00195285,NEWBURYPORT,365,Y,,974.4
USC00195524,NORTHBRIDGE 2,365,Y,,1137.4
USC00195984,NORTON W,365,Y,,1152.2
USC00196938,ROCHESTER,363,N,2 days not measured,
USC00197627,SOUTHBRIDGE 3 SW,365,Y,,1293.5
USC00198181,STOCKBRIDGE,365,Y,,1113.0
USC00198278,SUNDERLAND,365,Y,,1112.7
USC00198368,NWS BOSTON/NORTON,365,Y,,1096.3
USC00198573,TULLY LAKE,354,N,11 days not measured,
USC00198705,VINEYARD HAVEN,365,Y,,1076.4
USC00198757,WALPOLE 2,365,Y,,1151.6
USC00199193,WESTFIELD 3 SW,365,Y,,1220.3
USW00004780,FITCHBURG MUNI AP,336,N,29 days not measured,
USW00014702,BEDFORD HANSCOM FLD,336,N,29 days not measured,
USW00014739,BOSTON,365,Y,,943.6
USW00014753,BLUE HILL LCD,365,N,same site as USC00190736,
USW00014756,NANTUCKET MEM AP,340,N,25 days not measured,
USW00014763,PITTSFIELD MUNI AP,363,N,2 days not measured,
USW00014775,WESTFIELD BARNES MUNI AP,340,N,25 days not measured,
USW00054704,NORWOOD MEM AP,338,N,27 days not measured,
USW00054733,BEVERLY MUNI AP,336,N,29 days not measured,
USW00054756,ORANGE MUNI AP,337,N,28 days not measured,
USW00054768,N ADAMS HARRIMAN AP,349,N,16 days not measured,
USW00054769,PLYMOUTH MUNI AP,340,N,25 days not measured,
USW00054777,TAUNTON MUNI AP,340,N,25 days not measured,
USW00094624,CHATHAM MUNI AP,244,N,121 days not measured,
USW00094720,HYANNIS BARNSTABLE MUNI AP,340,N,25 days not measured,
USW00094723,LAWRENCE MUNI AP,329,N,36 days not measured,
USW00094724,VINEYARD HAVEN MARTHAS VINEYAR,329,N,36 days not measured,
USW00094726,NEW BEDFORD MUNI AP,339,N,26 days not measured,
USW00094746,WORCESTER,365,Y,,1153.2
STATEWIDE,mean of 97 qualifying stations,,,,1141.1
