pollster,pollster_rating_id,active,partisan_polls,polls,questions,certified_error,polls_2022,error_2022,meets_volume,meets_recency,passes_test,selection_rank
Beacon Research/Shaw & Co. Research,103,yes,0,58,84,4.13,10,2.77,yes,yes,yes,1
Marist College,183,yes,0,56,97,4.29,14,3.86,yes,yes,yes,2
Emerson College,88,yes,0,172,321,4.38,45,3.42,yes,yes,yes,3
The New York Times/Siena College,448,yes,0,145,193,4.69,10,2.11,yes,yes,yes,4
YouGov,391,yes,0,201,282,4.94,33,3.41,yes,yes,yes,5
CWS Research,697,yes,1,1,1,0.10,1,0.10,no,no,no,
Innovative Research Group,624,yes,0,1,1,0.60,0,,no,no,no,
Benenson Strategy Group,30,yes,0,1,1,0.64,1,0.64,no,no,no,
Singularis Group,306,yes,1,1,1,0.80,0,,no,no,no,
Research Consultants,491,no,1,1,1,0.93,0,,no,no,no,
Fabrizio Ward/Hart Research Associates/AARP Research,613,yes,0,1,2,0.93,0,,no,no,no,
Mercyhurst University Center for Applied Politics,422,no,0,1,2,1.08,0,,no,no,no,
El Nuevo Día/The Research Office,599,no,0,2,4,1.24,0,,no,no,no,
BSP Research/Shaw & Company Research,728,yes,0,3,5,1.25,3,1.25,no,no,no,
RKM Research and Communications Inc.,272,no,0,3,4,1.26,0,,no,no,no,
OpinionWorks,244,yes,0,2,2,1.31,1,1.41,no,no,no,
Illinois Public Opinion,479,no,0,1,1,1.44,0,,no,no,no,
Gallup,112,yes,0,2,2,1.49,0,,no,no,no,
University of Georgia School of Public and International Affairs,350,yes,0,8,14,1.51,3,1.64,no,no,no,
Pioneer Polling/Tarrance Group,729,yes,0,1,1,1.64,1,1.64,no,no,no,
Reconnect Research/Probolsky Research,651,no,0,1,2,1.65,0,,no,no,no,
Edgewater Research/My People Vote,530,yes,0,2,2,1.70,0,,no,no,no,
We Ask America,376,no,0,3,3,1.74,0,,no,no,no,
Keating Research/OnSight Public Affairs/Melanson,455,no,0,3,5,1.77,0,,no,no,no,
MWR Strategies,617,no,0,1,2,1.79,0,,no,no,no,
Praecones Analytica,257,yes,0,1,3,1.81,0,,no,no,no,
Mason Strategies,464,yes,0,1,1,1.89,0,,no,no,no,
CVOTER,40,yes,0,8,8,1.95,0,,no,no,no,
Thirty-Ninth Street Strategies,460,yes,1,1,1,2.03,0,,no,no,no,
Breakthrough Campaigns,623,yes,1,1,1,2.10,0,,no,no,no,
CBS News/The New York Times,36,no,0,3,4,2.14,0,,no,no,no,
TIPP Insights,144,yes,0,15,15,2.15,1,3.64,no,no,no,
AtlasIntel,546,yes,0,14,16,2.15,2,2.31,no,no,no,
John Zogby Strategies,583,yes,0,3,5,2.22,1,4.74,no,no,no,
Basswood Research,24,yes,2,2,3,2.26,0,,no,no,no,
Zogby Analytics,395,yes,0,1,1,2.30,0,,no,no,no,
The Washington Post/George Mason University Schar School of Policy and Government,754,yes,0,10,11,2.37,0,,no,no,no,
Landmark Communications,166,yes,0,16,23,2.38,3,1.58,no,no,no,
Blueprint Polling,470,yes,1,3,3,2.39,2,2.87,no,no,no,
Dittman Research,79,yes,0,3,3,2.47,3,2.47,no,no,no,
Cardinal Point Analytics (CardinalGPS),591,yes,0,1,3,2.49,0,,no,no,no,
NewsNation,696,yes,0,2,2,2.53,2,2.53,no,no,no,
Benchmark Research,535,yes,1,1,1,2.53,0,,no,no,no,
Florida Southern College Center for Polling and Policy Research,411,yes,0,1,2,2.54,0,,no,no,no,
Seven Letter Insight,661,yes,0,1,1,2.54,1,2.54,no,no,no,
The Winston Group,385,yes,6,6,9,2.71,2,3.64,no,no,no,
Angus Reid Global,13,yes,0,2,2,2.71,0,,no,no,no,
Centre College,47,no,0,1,1,2.72,0,,no,no,no,
Data Orbital,73,yes,1,15,22,2.80,2,3.32,no,no,no,
Strategic National,318,yes,1,5,6,2.81,0,,no,no,no,
MassINC Polling Group,198,yes,0,9,18,2.87,1,0.93,no,no,no,
1892 Polling,461,yes,4,4,4,2.89,1,7.63,no,no,no,
CBS News,810,no,0,3,4,2.91,0,,no,no,no,
Starboard Communications,316,yes,0,2,3,2.95,0,,no,no,no,
Global Strategy Group/Lester & Associates,806,no,2,2,2,3.00,0,,no,no,no,
HighGround Inc.,416,yes,0,5,10,3.02,2,1.99,no,no,no,
East Carolina University Center for Survey Research,523,yes,0,9,18,3.04,5,1.26,no,no,no,
Bold Blue Campaigns,469,no,0,1,1,3.04,0,,no,no,no,
Harris Insights & Analytics,133,yes,0,51,63,3.05,1,3.36,yes,no,no,
Fabrizio Lee & Associates/Impact Research,694,yes,0,7,15,3.09,7,3.09,no,no,no,
Pew Research Center,253,yes,0,6,8,3.11,1,3.64,no,no,no,
Cole Hargrave Snodgrass & Associates,56,yes,0,2,2,3.11,0,,no,no,no,
Princeton Survey Research Associates International,258,no,0,2,2,3.12,0,,no,no,no,
Tufts University Public Opinion Lab,666,yes,0,2,2,3.12,1,3.64,no,no,no,
Frederick Polls,108,yes,1,5,7,3.13,1,2.81,no,no,no,
Riley Research Associates,290,yes,0,2,3,3.15,0,,no,no,no,
Echelon Insights,407,yes,0,9,15,3.18,5,3.70,no,no,no,
"University of Nevada, Las Vegas Lee Business School",609,no,0,5,6,3.19,0,,no,no,no,
University of Massachusetts Lowell Center for Public Opinion,355,yes,0,13,29,3.24,3,1.66,no,no,no,
Landmark Communications/Rosetta Stone Communications,751,no,0,3,9,3.26,0,,no,no,no,
Fairleigh Dickinson University,92,yes,0,6,6,3.28,0,,no,no,no,
Hoffman Research Group,141,yes,0,4,4,3.36,1,5.42,no,no,no,
Christopher Newport University Wason Center for Civic Leadership,50,yes,0,20,22,3.39,1,3.40,no,no,no,
Leger,572,yes,0,19,27,3.45,0,,no,no,no,
GreatBlue Research,748,yes,0,4,4,3.45,0,,no,no,no,
DHM Research,76,yes,0,5,7,3.54,1,4.42,no,no,no,
Keating Research,161,yes,1,3,4,3.55,1,1.83,no,no,no,
Keating Research/Magellan Strategies,481,yes,0,2,3,3.55,1,3.48,no,no,no,
Socioanalítica Research,620,yes,0,1,1,3.60,0,,no,no,no,
Slingshot Strategies,451,yes,2,3,3,3.61,1,1.27,no,no,no,
Ciruli Associates,51,yes,0,1,2,3.62,0,,no,no,no,
AYTM,635,no,0,4,4,3.64,0,,no,no,no,
ABC News/The Washington Post,3,yes,0,23,27,3.65,2,1.50,no,no,no,
Western New England University Polling Institute,380,yes,0,4,6,3.67,1,1.88,no,no,no,
CPEC,38,no,0,1,1,3.74,0,,no,no,no,
InsiderAdvantage,243,yes,0,51,80,3.75,24,4.92,yes,yes,no,
Muhlenberg College Institute of Public Opinion,219,yes,0,13,21,3.79,3,1.91,no,no,no,
"California State University, Sacramento",807,no,0,1,2,3.84,0,,no,no,no,
Hart Research Associates/Public Opinion Strategies,221,yes,0,18,25,3.88,4,2.14,no,no,no,
Texas Hispanic Policy Foundation,698,yes,0,1,1,3.90,1,3.90,no,no,no,
Marquette University Law School,195,yes,0,13,22,3.95,4,3.68,no,no,no,
"Fabrizio, Lee & Associates",90,yes,5,7,12,3.95,5,4.40,no,no,no,
University of Texas at Tyler Center for Opinion Research,458,yes,0,4,6,4.00,2,3.40,no,no,no,
DKC Analytics,592,no,0,2,2,4.00,0,,no,no,no,
Trafalgar Group,338,yes,120,120,153,4.07,42,5.62,no,no,no,
RBI Strategies & Research,271,yes,0,1,2,4.09,0,,no,no,no,
Cygnal,67,yes,16,43,58,4.10,24,4.10,no,no,no,
Research Co.,449,yes,0,33,59,4.10,10,3.35,no,no,no,
St. Pete Polls,314,yes,0,24,29,4.12,1,7.48,no,no,no,
Magellan Strategies,179,yes,0,5,6,4.13,0,,no,no,no,
SocialSphere,307,yes,0,1,2,4.18,0,,no,no,no,
Rasmussen Reports,277,yes,1,89,128,4.19,11,3.08,no,no,no,
Susquehanna Polling & Research Inc.,326,yes,0,23,31,4.24,5,2.40,no,no,no,
KAConsulting,757,yes,8,8,12,4.24,6,4.65,no,no,no,
Elon University,86,yes,0,3,9,4.24,0,,no,no,no,
1st Tuesday Campaigns,465,no,0,2,2,4.24,0,,no,no,no,
Strategic Research Associates,462,yes,0,6,10,4.27,0,,no,no,no,
Schoen Cooperman Research,301,yes,0,3,3,4.32,1,1.27,no,no,no,
Strategies 360,321,yes,4,9,14,4.34,1,2.52,no,no,no,
Saint Anselm College Survey Center,494,yes,0,5,21,4.34,2,4.54,no,no,no,
Selzer & Co.,304,yes,0,16,30,4.38,3,4.28,no,no,no,
Noble Predictive Insights,235,yes,0,17,25,4.39,6,3.86,no,no,no,
RMG Research,555,yes,0,29,48,4.40,1,10.41,no,no,no,
Harper Polling,132,no,2,6,12,4.40,0,,no,no,no,
Wick,284,yes,1,18,26,4.43,10,5.66,no,no,no,
In Lux Research,480,no,1,1,1,4.44,0,,no,no,no,
Suffolk University,323,yes,0,43,75,4.45,12,4.12,yes,yes,no,
Benenson Strategy Group/GS Strategy Group,606,no,0,2,3,4.45,0,,no,no,no,
EPIC-MRA,84,yes,0,14,20,4.46,4,1.72,no,no,no,
Latino Decisions,482,no,2,3,5,4.48,0,,no,no,no,
Marketing Resource Group (MRG),193,yes,0,3,5,4.48,0,,no,no,no,
The Polling Company Inc./National Research Inc.,644,no,2,2,2,4.50,0,,no,no,no,
Maine People's Resource Center,180,yes,0,12,12,4.53,0,,no,no,no,
University of Utah Hinckley Institute of Politics,500,no,0,3,5,4.55,0,,no,no,no,
Research & Polling Inc.,280,yes,0,6,19,4.59,1,2.53,no,no,no,
"Meredith College Department of History, Political Science, and International Studies",423,yes,0,5,11,4.61,2,2.48,no,no,no,
Elway Research,87,yes,0,3,6,4.62,1,1.52,no,no,no,
Columbus Dispatch,57,no,0,1,2,4.63,0,,no,no,no,
Alloy Analytics,734,yes,0,1,1,4.67,1,4.67,no,no,no,
Big Village,37,yes,0,18,31,4.68,5,7.52,no,no,no,
University of California Berkeley Institute of Governmental Studies,457,yes,0,6,14,4.68,2,2.64,no,no,no,
Mason-Dixon Polling & Strategy,197,yes,0,25,41,4.69,2,5.04,no,no,no,
Tulchin Research,340,yes,12,12,13,4.71,1,1.69,no,no,no,
VI TechStack,722,yes,0,1,1,4.73,1,4.73,no,no,no,
co/efficient,514,yes,5,14,22,4.74,8,6.12,no,no,no,
Tarrance Group,333,yes,16,17,18,4.77,2,4.32,no,no,no,
Morning Consult,218,yes,0,118,165,4.79,29,6.05,yes,yes,no,
Ragnar Research Partners,517,yes,1,1,2,4.80,0,,no,no,no,
Lucid,175,no,0,35,46,4.81,0,,no,no,no,
Braun Research,33,yes,0,3,9,4.84,0,,no,no,no,
Data for Progress,522,yes,20,81,143,4.87,34,3.53,no,no,no,
High Point University Survey Research Center,139,yes,0,2,6,4.88,0,,no,no,no,
Reconnect Research/Roanoke College Institute for Policy and Opinion Research,587,no,0,1,2,4.90,0,,no,no,no,
WPA Intelligence,383,yes,14,16,16,4.92,5,1.50,no,no,no,
20/20 Insight,1,yes,1,2,3,4.92,0,,no,no,no,
Public Policy Polling,263,yes,70,92,141,4.93,10,3.98,no,no,no,
Victory Research,437,yes,1,9,13,4.93,2,11.97,no,no,no,
SurveyUSA,325,yes,1,95,144,4.96,21,3.46,no,no,no,
JMC Analytics,156,yes,2,11,15,4.96,0,,no,no,no,
Gravis Marketing,124,yes,7,90,135,4.99,0,,no,no,no,
Washington College,735,yes,0,1,1,5.00,1,5.00,no,no,no,
National Research,225,yes,10,12,20,5.01,0,,no,no,no,
Civiqs,471,yes,9,47,73,5.05,19,4.65,no,no,no,
Uplift Campaigns,298,yes,0,2,2,5.05,0,,no,no,no,
Roanoke College Institute for Policy and Opinion Research,292,yes,0,10,11,5.07,0,,no,no,no,
The Washington Post/University of Maryland Center for Democracy and Civic Engagement,755,yes,0,3,4,5.08,1,0.41,no,no,no,
Southern Media & Opinion Research,310,no,0,3,3,5.10,0,,no,no,no,
Arizona State University Morrison Institute for Public Policy,15,yes,0,1,2,5.10,0,,no,no,no,
University of North Florida Public Opinion Research Lab,360,yes,0,10,16,5.11,2,7.16,no,no,no,
Jorge Benítez,600,yes,0,2,4,5.13,0,,no,no,no,
Patriot Polling,732,yes,0,7,10,5.17,7,5.17,no,no,no,
Spry Strategies,508,yes,1,3,3,5.18,0,,no,no,no,
Florida Atlantic University Business and Economics Polling Initiative,97,yes,0,8,12,5.20,1,9.46,no,no,no,
Global Strategy Group,118,yes,35,36,39,5.22,6,3.15,no,no,no,
Univision/Latino Decisions/North Star Opinion Research,516,no,0,4,6,5.24,0,,no,no,no,
University of Southern California Dornsife Center for Economic and Social Research,343,yes,0,18,23,5.25,0,,no,no,no,
Southern Illinois University Paul Simon Public Policy Institute,430,yes,0,2,3,5.25,0,,no,no,no,
North Star Opinion Research,233,yes,4,4,4,5.28,0,,no,no,no,
Winthrop University Center for Public Opinion & Policy Research,386,yes,0,2,2,5.29,0,,no,no,no,
Franklin & Marshall College Center for Opinion Research,106,yes,0,10,17,5.32,2,2.71,no,no,no,
Vox Populi Polling,372,no,0,13,21,5.33,0,,no,no,no,
Climate Nexus,506,yes,0,2,3,5.33,0,,no,no,no,
RRH Elections,274,yes,0,6,8,5.40,3,5.16,no,no,no,
Øptimus Analytics,245,no,1,5,6,5.40,0,,no,no,no,
Patinkin Research Strategies,490,yes,6,7,12,5.46,2,4.21,no,no,no,
Swayable,543,no,0,45,68,5.47,0,,no,no,no,
ActiVote,721,yes,0,7,8,5.48,7,5.48,no,no,no,
Brandwatch Qriously,610,no,0,9,9,5.49,0,,no,no,no,
Change Research,48,yes,21,113,152,5.52,4,5.16,no,no,no,
AP-NORC,397,yes,0,4,4,5.53,1,9.64,no,no,no,
Dixie Strategies,81,no,0,7,11,5.54,0,,no,no,no,
Ipsos,154,yes,1,321,353,5.56,14,3.95,no,no,no,
Public Opinion Strategies,260,yes,18,23,29,5.59,3,5.03,no,no,no,
Monmouth University Polling Institute,215,yes,0,70,112,5.62,2,2.00,yes,no,no,
Public Policy Institute of California,262,yes,0,7,11,5.62,1,0.64,no,no,no,
Digital Research,64,yes,1,4,7,5.63,0,,no,no,no,
Open Model Project,629,no,0,1,2,5.65,0,,no,no,no,
Remington Research Group,279,yes,6,53,68,5.66,7,3.89,no,no,no,
GBAO,109,yes,35,37,43,5.66,2,1.43,no,no,no,
SSRS,297,yes,0,34,55,5.66,8,2.18,no,no,no,
Quinnipiac University,267,yes,0,79,127,5.67,7,3.86,yes,no,no,
Siena College,305,yes,0,37,52,5.67,14,6.02,no,no,no,
Phillips Academy,699,yes,0,5,9,5.67,5,5.67,no,no,no,
Mitchell Research & Communications,213,yes,1,24,32,5.68,5,6.23,no,no,no,
Whitman Insight Strategies,584,yes,0,2,2,5.72,0,,no,no,no,
Meeting Street Insights,204,yes,3,3,5,5.73,0,,no,no,no,
MRG Research,207,yes,0,2,2,5.75,0,,no,no,no,
Stockton University William J. Hughes Center for Public Policy,317,yes,0,14,15,5.76,0,,no,no,no,
GQR,126,yes,24,26,32,5.77,7,4.88,no,no,no,
Data Targeting,406,yes,6,6,6,5.81,1,16.24,no,no,no,
Zia Poll,393,yes,0,6,12,5.82,0,,no,no,no,
Nelson Research,703,yes,0,2,2,5.82,2,5.82,no,no,no,
Montana State University Bozeman Human Ecology Learning and Problem Solving Lab,486,yes,0,2,6,5.83,0,,no,no,no,
Alaska Survey Research,155,yes,0,11,20,5.84,4,4.33,no,no,no,
University of Montana Social Science Research Laboratory,499,no,0,1,2,5.84,0,,no,no,no,
University of New Orleans Survey Research Center,358,yes,0,3,3,5.87,0,,no,no,no,
SurveyMonkey,324,yes,0,257,368,5.88,1,0.64,yes,no,no,
IMGE Insights,145,no,0,3,3,5.92,0,,no,no,no,
Lake Research Partners/The Tarrance Group,114,yes,0,1,2,5.93,0,,no,no,no,
OnMessage Inc.,239,yes,18,18,19,5.96,9,5.54,no,no,no,
KFF,419,yes,0,9,14,5.97,1,6.64,no,no,no,
Glengariff Group,117,yes,0,10,14,6.00,4,4.10,no,no,no,
University of Houston Hobby School of Public Affairs,351,no,0,1,1,6.00,0,,no,no,no,
Target Insyght,330,yes,1,6,9,6.02,2,7.54,no,no,no,
Redfield & Wilton Strategies,562,yes,0,50,58,6.03,1,5.57,yes,no,no,
The Castleton Polling Institute,45,no,0,1,3,6.03,0,,no,no,no,
The Polling Company Inc.,337,no,7,10,10,6.04,0,,no,no,no,
Bendixen & Amandi International,29,yes,2,4,6,6.04,1,8.48,no,no,no,
Impact Research,14,yes,37,38,41,6.10,6,4.15,no,no,no,
The Tyson Group,334,yes,0,3,5,6.10,0,,no,no,no,
Greenberg Quinlan Rosner/American Viewpoint,127,no,0,1,2,6.16,0,,no,no,no,
Targoz Market Research,454,yes,0,18,29,6.17,4,4.82,no,no,no,
Fleming & Associates,96,yes,0,3,6,6.18,1,7.88,no,no,no,
Goucher College Sarah T. Hughes Center for Politics,414,yes,0,4,7,6.19,1,9.55,no,no,no,
Clarity Campaign Labs,52,yes,15,15,20,6.23,3,7.47,no,no,no,
Garin-Hart-Yang Research Group,113,yes,32,33,43,6.25,5,1.41,no,no,no,
Loras College Public Opinion Survey Center,171,no,0,6,16,6.28,0,,no,no,no,
University of Southern California Schwarzenegger Institute for State and Global Policy,648,yes,0,2,3,6.30,1,4.76,no,no,no,
Clout Research,55,yes,2,7,7,6.35,2,7.87,no,no,no,
Mellman Group,205,yes,5,5,6,6.35,2,9.60,no,no,no,
Repass,268,yes,0,6,9,6.36,1,6.92,no,no,no,
TargetPoint,331,yes,8,8,9,6.37,0,,no,no,no,
Abt Associates,7,yes,0,2,3,6.38,0,,no,no,no,
Global Strategy Group/GBAO (Navigator Research),413,yes,0,10,11,6.39,4,7.64,no,no,no,
Virginia Commonwealth University L. Douglas Wilder School of Government and Public Affairs,370,yes,0,3,4,6.42,0,,no,no,no,
Montana State University Billings,216,yes,0,4,11,6.47,1,5.78,no,no,no,
David Binder Research,578,yes,4,6,6,6.50,2,10.84,no,no,no,
American Viewpoint,10,yes,13,13,13,6.54,1,1.34,no,no,no,
Baldwin Wallace University Community Research Institute,401,yes,0,14,22,6.63,2,8.80,no,no,no,
NSON Opinion Strategy/In Lux Research,804,no,1,1,2,6.64,0,,no,no,no,
The Justice Collaborative Institute,630,yes,0,1,2,6.67,0,,no,no,no,
GfK Group,115,no,0,2,4,6.68,0,,no,no,no,
University of Colorado American Politics Research Lab,580,no,0,1,2,6.71,0,,no,no,no,
Pan Atlantic Research,249,yes,0,5,13,6.81,1,4.58,no,no,no,
Moore Information Group,217,yes,14,14,17,6.82,7,6.56,no,no,no,
University of New Hampshire Survey Center,357,yes,0,21,70,6.88,5,5.97,no,no,no,
University of Delaware Center for Political Communication,433,yes,0,4,10,6.91,1,4.50,no,no,no,
J.L. Partners,619,yes,0,3,3,6.94,0,,no,no,no,
Mark Blankenship Enterprises,766,no,1,1,1,6.94,0,,no,no,no,
Harper Polling/Clarity Campaign Labs,513,no,0,1,1,6.99,0,,no,no,no,
Ohio Northern University Institute for Civics and Public Policy,731,yes,0,1,2,6.99,1,6.99,no,no,no,
JMC Analytics/Bold Blue Campaigns,503,no,0,4,5,7.03,0,,no,no,no,
Dan Jones & Associates,70,yes,0,9,13,7.08,2,6.41,no,no,no,
Western Kentucky University Social Science Research Center,379,no,0,1,2,7.14,0,,no,no,no,
Saint Leo University Polling Institute,299,yes,0,5,8,7.19,0,,no,no,no,
Gonzales Research & Marketing Strategies Inc.,121,yes,1,2,3,7.23,0,,no,no,no,
"Normington, Petts & Associates",232,yes,14,14,15,7.25,0,,no,no,no,
Rutgers University Eagleton Center for Public Interest Polling,295,yes,0,3,4,7.28,0,,no,no,no,
TargetSmart,332,yes,1,6,9,7.31,0,,no,no,no,
RAND (American Life Panel),270,no,0,2,2,7.32,0,,no,no,no,
American Research Group,9,yes,1,9,20,7.40,1,2.23,no,no,no,
DCCC Targeting and Analytics Department,68,yes,24,24,24,7.41,3,4.53,no,no,no,
Victoria Research & Consulting,369,yes,3,3,3,7.44,1,2.16,no,no,no,
Pacific Market Research,459,yes,0,1,2,7.48,0,,no,no,no,
Auburn University at Montgomery Department of Political Science and Public Administration,588,yes,0,2,4,7.51,0,,no,no,no,
Public Religion Research Institute,428,yes,0,9,10,7.53,0,,no,no,no,
Expedition Strategies,409,yes,5,5,5,7.53,0,,no,no,no,
University of Akron Ray C. Bliss Institute of Applied Politics,432,yes,0,2,3,7.53,0,,no,no,no,
Cometrends,631,no,0,1,1,7.60,0,,no,no,no,
Market Research Insight,185,no,0,2,2,7.64,0,,no,no,no,
Bold Decision,686,yes,0,1,1,7.73,1,7.73,no,no,no,
University of Nevada Department of Political Science,704,yes,0,1,2,7.87,1,7.87,no,no,no,
Citizen Data,616,yes,0,8,12,7.91,0,,no,no,no,
McLaughlin & Associates,203,yes,13,18,19,7.94,5,4.05,no,no,no,
Cherry Communications,49,yes,8,8,11,7.94,1,8.40,no,no,no,
Colby College,593,no,0,6,11,7.98,0,,no,no,no,
Probolsky Research,259,yes,0,1,2,8.01,0,,no,no,no,
Osage Research,720,yes,2,2,2,8.04,2,8.04,no,no,no,
Fort Hays State University Docking Institute of Public Affairs,101,yes,0,4,5,8.16,0,,no,no,no,
Axis Research,467,yes,3,3,3,8.27,1,2.63,no,no,no,
Hampton University Center for Public Policy,131,yes,0,4,4,8.31,0,,no,no,no,
Hendrix College,138,yes,0,8,14,8.32,2,17.71,no,no,no,
Y2 Analytics,389,yes,2,7,12,8.37,0,,no,no,no,
Lighthouse Research,483,yes,0,1,5,8.38,0,,no,no,no,
Causeway Solutions,680,yes,1,1,1,8.40,0,,no,no,no,
brilliant corners Research & Strategies,564,yes,5,5,5,8.52,1,0.78,no,no,no,
African American Research Collaborative,733,yes,2,2,3,8.52,2,8.52,no,no,no,
Hickman Analytics,415,yes,2,2,2,8.59,0,,no,no,no,
The Right Strategy Group,492,no,0,1,1,8.60,0,,no,no,no,
Public First,628,yes,0,1,1,8.60,0,,no,no,no,
Sky Research,665,no,0,1,1,8.73,0,,no,no,no,
Lake Research Partners,165,yes,11,11,11,8.83,1,30.48,no,no,no,
Opinium,559,yes,0,5,8,8.90,2,11.14,no,no,no,
RABA Research,269,yes,0,5,7,8.97,1,7.99,no,no,no,
St. Cloud State University,312,yes,0,4,7,9.07,1,13.34,no,no,no,
BK Strategies,20,yes,1,2,4,9.17,0,,no,no,no,
University of Arkansas Department of Political Science,345,yes,0,4,7,9.23,1,7.26,no,no,no,
Beacon Research,545,yes,1,4,7,9.28,1,7.90,no,no,no,
Center Street PAC,715,yes,12,12,15,9.29,12,9.29,no,no,no,
FM3 Research,91,yes,6,6,6,9.40,1,1.42,no,no,no,
icitizen,438,no,0,2,2,9.41,0,,no,no,no,
Edison Research,739,yes,0,2,2,9.46,0,,no,no,no,
Amber Integrated,556,yes,0,7,16,9.48,5,10.67,no,no,no,
Strategy Research,322,no,0,6,6,9.48,0,,no,no,no,
Victory Insights,673,yes,0,1,2,9.56,1,9.56,no,no,no,
Premise,709,yes,0,2,2,9.64,2,9.64,no,no,no,
SEA Polling & Strategic Design,302,yes,2,2,3,9.71,1,15.29,no,no,no,
DeSales University Kamran Afshar Data Analytics Center,474,no,0,3,3,9.87,0,,no,no,no,
Carroll Strategies,450,no,0,1,5,9.88,0,,no,no,no,
East Tennessee State University Applied Social Research Laboratory,456,no,0,1,2,9.90,0,,no,no,no,
Just Win Strategies,418,no,1,1,2,9.93,0,,no,no,no,
Alvarado Strategies,710,yes,0,1,1,10.09,1,10.09,no,no,no,
University of Iowa Hawkeye Poll Cooperative,353,no,0,1,1,10.12,0,,no,no,no,
Michigan State University Institute for Public Policy and Social Research,463,yes,0,2,3,10.13,0,,no,no,no,
Ascend Action,726,yes,0,5,12,10.22,5,10.22,no,no,no,
Gaither International,626,yes,0,1,2,10.24,0,,no,no,no,
NRSC,695,yes,0,1,1,10.37,0,,no,no,no,
Stetson University Center for Public Opinion Research,730,yes,0,1,2,10.41,1,10.41,no,no,no,
GS Strategy Group,478,yes,3,3,4,10.49,0,,no,no,no,
Global Marketing Research Services,621,yes,0,2,2,10.53,0,,no,no,no,
Ogden & Fry,425,yes,1,1,1,10.56,0,,no,no,no,
WT&S Consulting,646,no,0,3,3,10.59,0,,no,no,no,
Kiaer Research,585,yes,0,1,2,10.62,0,,no,no,no,
Fallon Research & Communications,476,yes,1,1,2,10.82,1,10.82,no,no,no,
University of Wyoming Survey & Analysis Center,667,yes,0,3,7,10.84,1,5.18,no,no,no,
Bluegrass Community and Technical College,632,no,0,1,2,10.93,0,,no,no,no,
The Political Matrix/The Listener Group,677,yes,1,13,15,10.98,6,19.84,no,no,no,
SoonerPoll.com,308,yes,0,12,22,10.99,2,17.85,no,no,no,
American Pulse Research & Polling,497,yes,2,8,12,11.22,3,10.68,no,no,no,
VCreek/AMG,501,yes,3,5,9,11.25,0,,no,no,no,
Sachs Media,706,yes,0,2,3,11.41,2,11.41,no,no,no,
St. Norbert College Strategic Research Institute,313,yes,0,1,2,12.06,0,,no,no,no,
EMC Research,130,yes,4,4,4,12.18,0,,no,no,no,
DFM Research,69,yes,6,9,13,12.24,1,20.63,no,no,no,
"Long Island University Steven S. Hornstein Center for Policy, Polling, and Analysis",633,yes,0,5,6,12.32,2,14.39,no,no,no,
Harstad Strategic Research,134,yes,4,4,5,12.36,0,,no,no,no,
Go Right Strategies,477,no,2,2,2,12.74,0,,no,no,no,
Hill Research Consultants,140,yes,2,2,2,12.91,2,12.91,no,no,no,
Bruno Political Consulting,724,yes,1,1,3,12.96,1,12.96,no,no,no,
Ball State University Bowen Center for Public Affairs,402,yes,0,1,3,13.27,0,,no,no,no,
Clearview Research,405,yes,1,2,2,13.59,0,,no,no,no,
Victory Enterprises,525,yes,1,1,1,13.90,0,,no,no,no,
Middle Tennessee State University,208,no,0,1,1,14.01,0,,no,no,no,
Thomas Partners Strategies/Øptimus,758,no,0,8,8,14.75,0,,no,no,no,
LOC Wick,612,no,1,1,1,14.93,0,,no,no,no,
Thomas Partners Strategies,452,yes,0,2,2,15.55,0,,no,no,no,
The Eppstein Group,475,no,0,1,1,15.70,0,,no,no,no,
Nielson Brothers Polling,231,no,0,2,5,16.18,0,,no,no,no,
Tomahawk Strategies,737,yes,0,1,1,17.06,1,17.06,no,no,no,
Lincoln Park Strategies,484,yes,1,1,1,17.79,0,,no,no,no,
Craciun Research Group,61,no,0,1,1,18.73,0,,no,no,no,
ARW Strategies,678,yes,0,1,1,18.75,1,18.75,no,no,no,
South Dakota State University School of American and Global Studies,725,yes,0,1,2,20.64,1,20.64,no,no,no,
"Island Analytics & Marketing, LLC",736,yes,0,1,1,21.87,1,21.87,no,no,no,
Jayhawk Consulting Services,157,yes,3,3,3,23.29,1,12.28,no,no,no,
Strategies Unlimited,622,no,1,1,1,27.94,0,,no,no,no,
