step,amount_usd
Book income before federal income tax,9480222.44
meals 50pct,105935.13
entertainment,86643.81
fines penalties,70960.0
lobbying,36240.0
key man life,62400.0
gifts over 25,20535.0
transit passes,213600.0
bad debts,82866.53
accruals,149846.01
depreciation,-2546590.82
disposals,194898.01
sec174,6242443.95
Taxable income before 163(j) and NOL,14200000.07
Disallowed business interest added back,841599.98
Taxable income before NOL,15041600.05
NOL deduction (80% limit),-12033280.04
Taxable income,3008320.01
Federal tax at 21%,631747.2
Payments,-185000.0
Balance due,446747.2
