state,label_h1_2026,label_h1_2025,label_change_pct,basis_h1_2026,basis_h1_2025,basis_change_pct,basis_minus_label_change_points
Illinois,222377,273013,-18.5,218693,270567,-19.2,-0.7
Indiana,76444,80000,-4.4,74043,77495,-4.5,-0.1
Iowa,51736,59809,-13.5,49427,58400,-15.4,-1.9
Kansas,35224,36940,-4.6,34445,36851,-6.5,-1.9
Michigan,178466,214026,-16.6,172695,217329,-20.5,-3.9
Minnesota,132325,136731,-3.2,128615,132761,-3.1,0.1
Missouri,88830,100219,-11.4,92663,96903,-4.4,7.0
Nebraska,21356,24168,-11.6,20901,24186,-13.6,-2.0
North Dakota,10304,12305,-16.3,9950,12855,-22.6,-6.3
Ohio,155422,170988,-9.1,153142,168682,-9.2,-0.1
South Dakota,5761,5804,-0.7,5595,5650,-1.0,-0.3
Wisconsin,104068,116462,-10.6,98639,109929,-10.3,0.3
Midwest Region,1082313,1230465,-12.0,1058808,1211608,-12.6,-0.6
