emp_id,first_name,last_name,role,department,home_address,phone,hire_date,termination_date,manager_id
E0001,Gregory,Lee,Buyer,Plant,"5449 Walnut Rd, Wheaton, IL 60187",331-752-2727,2020-02-20,,E0118
E0002,Laura,Collins,Buyer,Procurement,"6687 Maple Boulevard, Apt 37B, Aurora, IL 60502",331-757-4950,2010-11-04,,E0121
E0003,Kathleen,Thomas,Buyer,HR,"3729 Maple Court, Naperville, IL 60540",3123632785,2011-07-19,,E0126
E0004,Linda,Rodriguez,Buyer,HR,4995 WASHINGTON BLVD OAK BROOK IL 60523,(331) 805-1578,2014-12-24,,E0132
E0005,Richard,Reed,Buyer,Logistics,6911 OAK CT ELGIN IL 60120,+17086821829,2009-08-15,,E0120
E0006,Mark,Carter,Buyer,Quality,"5018 Cedar St, Schaumburg, IL 60173",7087609468,2020-05-08,,E0118
E0007,Deborah,Kelly,Buyer,Finance,"2768 Union Blvd, Joliet, IL 60435",(331) 443-8888,2016-04-12,,E0130
E0008,Nancy,Carter,Buyer,HR,"1094 Jefferson Drive, Bolingbrook, IL 60440",+18473425274,2010-02-16,,E0133
E0009,Paul,Hughes,Buyer,Quality,"6947 Hill Way, Joliet, IL 60435",(708) 819-1580,2022-05-11,,E0124
E0010,Michelle,Novak,Buyer,Plant,"7999 River Boulevard, Elgin, IL 60120",+13128549972,2016-11-07,,E0133
E0011,Carolyn,Evans,Buyer,Plant,"8953 Mill Way, Apt 38, Naperville, IL 60540",+13316332755,2014-08-25,,E0132
E0012,Emily,Rodriguez,Buyer,Plant,"980 Jefferson Ln #7B, Wheaton, IL 60187",3126482810,2016-05-20,,E0133
E0013,David,Brown,Buyer,Maintenance,1291 SPRING RD UNIT 4A AURORA IL 60502,224-743-5189,2014-08-02,,E0131
E0014,Karen,Walker,Buyer,Plant,"800 Chestnut Boulevard, Elgin, IL 60120",708-957-1404,2014-10-07,,E0123
E0015,Benjamin,Parker,Buyer,Procurement,"1051 Madison Ln, Bolingbrook, IL 60440",+13123043457,2017-05-02,,E0130
E0016,Eric,Harris,Buyer,Logistics,"9109 Spring Ave, Elgin, IL 60120",(708) 841-8416,2008-11-08,,E0133
E0017,Stephen,Reyes,Buyer,Finance,"1952 Elm Wy, Naperville, IL 60540",312-569-8142,2016-05-25,,E0128
E0018,Daniel,Allen,Buyer,IT,"3081 Union Ln, Aurora, IL 60502",(630) 605-9587,2021-12-14,,E0133
E0019,Kimberly,Green,Buyer,Logistics,"5900 Spring Ct #13B, Schaumburg, IL 60173",(708) 516-4092,2016-03-08,,E0125
E0020,Kenneth,Murphy,Buyer,Finance,"1104 River Ave #15A, Bolingbrook, IL 60440",8473068182,2020-06-14,,E0128
E0021,Brenda,Novak,Buyer,Procurement,"1304 Jefferson Drive, Oak Brook, IL 60523",+16305797757,2008-04-17,,E0127
E0022,Mary,King,Buyer,Quality,3626 FRANKLIN DR APT 12B AURORA IL 60502,+17087353908,2016-04-01,,E0129
E0023,Raymond,Johnson,Buyer,Plant,6222 CHURCH DR JOLIET IL 60435,(630) 395-8458,2009-10-07,,E0118
E0024,Rebecca,Gray,Buyer,Quality,5636 DOGWOOD WY WHEATON IL 60187,708-324-1281,2020-08-14,,E0122
E0025,Ashley,Johnson,Buyer,Quality,"1129 Birch Road, Naperville, IL 60540",847-545-7847,2011-03-31,,E0118
E0026,Samantha,Brown,Buyer,Finance,"2677 Jefferson Way, Aurora, IL 60502",+13319211886,2018-06-20,,E0129
E0027,Benjamin,Robinson,Buyer,Finance,"6428 Highland Drive, Unit 3A, Wheaton, IL 60187",331-372-1421,2023-01-01,,E0123
E0028,Mark,Young,Buyer,Quality,"7017 Lake Lane, Bolingbrook, IL 60440",2244575614,2011-05-01,,E0122
E0029,Sarah,White,Buyer,Finance,"3068 Church Wy #14A, Oak Brook, IL 60523",+12249922634,2021-03-10,,E0131
E0030,Thomas,Anderson,Buyer,Maintenance,1102 PINE DR BOLINGBROOK IL 60440,(312) 958-6704,2008-01-04,,E0118
E0031,Gregory,Kowalski,Buyer,Quality,2396 RIDGE WY BOLINGBROOK IL 60440,(331) 352-6203,2021-06-19,,E0125
E0032,Scott,Turner,Buyer,HR,"7444 Ridge Lane, Elgin, IL 60120",331-983-3438,2012-03-01,,E0124
E0033,Anthony,Evans,Buyer,HR,"5788 Ridge Ct, Bolingbrook, IL 60440",3128211563,2017-03-05,,E0123
E0034,Stephanie,Scott,Buyer,Plant,"1262 Jefferson Avenue, Elgin, IL 60120",(312) 729-3276,2018-06-23,,E0118
E0035,Ryan,Ward,Buyer,Plant,1707 UNION AVE JOLIET IL 60435,(847) 857-9448,2020-12-18,,E0129
E0036,Carol,Adams,Buyer,HR,"4520 Lake St, Joliet, IL 60435",(331) 618-5907,2019-04-20,,E0118
E0037,Larry,Sanchez,Buyer,HR,5500 MAPLE CT AURORA IL 60502,(847) 346-8938,2013-02-18,,E0119
E0038,Maria,Thompson,Buyer,Logistics,"7662 Mill Ln, Oak Brook, IL 60523",(331) 536-2010,2015-06-24,,E0119
E0039,Katherine,Cooper,Buyer,Logistics,5308 WILLOW BLVD SUITE 11 WHEATON IL 60187,224-289-6204,2012-09-27,,E0133
E0040,Eric,Moore,Buyer,Maintenance,"3431 Park Avenue, Aurora, IL 60502",+13126794466,2011-08-21,,E0126
E0041,Jonathan,Lewis,Buyer,HR,"4407 Sunset Drive, Schaumburg, IL 60173",+12249741705,2011-09-30,,E0120
E0042,Michelle,Patel,Buyer,Logistics,9986 BIRCH BLVD NAPERVILLE IL 60540,630-834-8751,2020-02-17,,E0130
E0043,Sharon,King,Buyer,Quality,"2464 Park Way, Suite 35B, Joliet, IL 60435",2248776240,2019-03-10,,E0118
E0044,Larry,Thomas,Buyer,IT,"7212 Washington Drive, Oak Brook, IL 60523",3316071307,2008-07-21,,E0119
E0045,Amanda,Perez,Buyer,Logistics,"9959 Washington Ct #36, Oak Brook, IL 60523",(331) 419-6237,2019-12-16,,E0122
E0046,Alexander,Stewart,Buyer,Procurement,"5752 Forest Ave #26, Naperville, IL 60540",630-755-7121,2019-09-24,,E0118
E0047,Jeffrey,Wilson,Buyer,Plant,"6673 Sunset Drive, Suite 31, Wheaton, IL 60187",847-230-3061,2015-11-04,,E0129
E0048,Emma,Bailey,Buyer,Logistics,5717 OAK CT JOLIET IL 60435,(312) 969-3104,2008-02-27,,E0126
E0049,Mary,Jones,Buyer,Quality,9022 CEDAR RD JOLIET IL 60435,+17082534495,2021-09-27,,E0125
E0050,Shirley,Thomas,Buyer,Plant,"8845 Spring St, Aurora, IL 60502",+16308982862,2016-02-06,,E0119
E0051,Nicole,Lewis,Buyer,Logistics,"6517 Lake Drive, Naperville, IL 60540",224-236-6066,2015-04-15,,E0126
E0052,Shirley,Foster,Buyer,Logistics,2947 BIRCH LN SUITE 38 JOLIET IL 60435,312-410-3446,2009-11-03,,E0130
E0053,Frank,Thompson,Buyer,Procurement,8180 RIVER LN JOLIET IL 60435,(630) 637-1332,2013-02-19,,E0125
E0054,Rachel,Clark,Buyer,Maintenance,5849 RIDGE BLVD OAK BROOK IL 60523,312-403-5242,2014-04-06,,E0120
E0055,Brenda,Young,Buyer,HR,6332 CHESTNUT RD ELGIN IL 60120,(224) 814-1453,2012-11-09,,E0120
E0056,Christine,Rodriguez,Buyer,Quality,"6655 Meadow Road, Wheaton, IL 60187",331-795-2077,2015-07-23,,E0126
E0057,Samuel,Chavez,Buyer,Procurement,"1450 Cedar Road, Apt 11, Schaumburg, IL 60173",(312) 440-8969,2019-09-22,,E0121
E0058,Samantha,Hughes,Buyer,Plant,"2825 Ridge Ave #26, Aurora, IL 60502",847-704-6287,2018-07-24,,E0123
E0059,Brandon,Stewart,Buyer,Plant,"6867 Walnut Ave #7, Naperville, IL 60540",(847) 434-5250,2012-08-01,,E0118
E0060,Anthony,Baker,Buyer,Finance,"7370 Forest Boulevard, Aurora, IL 60502",(630) 382-2074,2013-11-04,,E0130
E0061,Andrew,Foster,AP Clerk,Finance,"7402 Sunset Boulevard, Elgin, IL 60120",2248954152,2011-05-23,,E0132
E0062,Susan,Edwards,AP Clerk,Procurement,"9751 Washington Street, Schaumburg, IL 60173",3312335986,2017-06-20,,E0127
E0063,Brian,Ramirez,AP Clerk,Procurement,"5728 Lincoln Rd #33A, Joliet, IL 60435",2244897119,2013-02-18,,E0124
E0064,Rebecca,Mitchell,AP Clerk,Plant,"6834 Church Street, Elgin, IL 60120",(312) 713-9106,2010-02-09,,E0132
E0065,Michelle,Morales,AP Clerk,HR,"8295 Sunset Ave #2B, Aurora, IL 60502",224-508-6296,2010-09-20,,E0127
E0066,Larry,Jones,AP Clerk,Maintenance,"9592 Birch Boulevard, Oak Brook, IL 60523",3319975209,2020-12-09,,E0128
E0067,James,Cox,AP Clerk,HR,"2231 Forest Avenue, Aurora, IL 60502",6309707149,2018-08-03,,E0125
E0068,Jonathan,Watson,AP Clerk,Maintenance,"1144 Lincoln Lane, Wheaton, IL 60187",+12245987462,2009-09-15,,E0124
E0069,Brian,Martin,AP Clerk,Logistics,"3473 Adams Ave, Bolingbrook, IL 60440",+17085702487,2020-11-22,,E0124
E0070,Sharon,Ramos,AP Clerk,IT,"3576 Cherry Road, Suite 21, Oak Brook, IL 60523",+17084247164,2012-02-20,,E0132
E0071,Brandon,Bennett,AP Clerk,Maintenance,"5354 Lake Rd #40B, Oak Brook, IL 60523",(630) 266-1412,2023-03-07,,E0133
E0072,Angela,Cook,AP Clerk,IT,"3291 Union Street, Bolingbrook, IL 60440",331-303-3068,2020-08-05,,E0120
E0073,Helen,Cooper,Approver L1,IT,"2473 Madison Dr #36A, Schaumburg, IL 60173",(312) 610-1205,2020-05-18,,E0124
E0074,Thomas,Novak,Approver L1,Logistics,"6613 Dogwood Lane, Oak Brook, IL 60523",(630) 452-4442,2018-07-23,,E0122
E0075,Joshua,Adams,Approver L1,Finance,"9907 Church Ln, Oak Brook, IL 60523",+17088468734,2011-04-30,,E0129
E0076,Edward,Sanchez,Approver L1,Finance,"3290 Chestnut Ln #34, Bolingbrook, IL 60440",708-473-1420,2023-01-29,,E0119
E0077,Rachel,Gomez,Approver L1,Finance,"8452 Park Street, Elgin, IL 60120",(708) 666-2288,2009-09-01,,E0121
E0078,William,Morales,Approver L1,Quality,5285 SUNSET ST UNIT 31B SCHAUMBURG IL 60173,+16302266079,2021-03-29,,E0128
E0079,Jason,Collins,Approver L1,Quality,"3219 Union Ave, Wheaton, IL 60187",+18478203653,2022-12-10,,E0132
E0080,Larry,Johnson,Approver L1,HR,4876 ADAMS AVE APT 12 NAPERVILLE IL 60540,(630) 466-3371,2017-06-07,,E0128
E0081,Samuel,Petrov,Approver L1,Plant,747 PINE WY SCHAUMBURG IL 60173,+16306467575,2013-01-26,,E0124
E0082,Brenda,Williams,Approver L1,HR,4305 JEFFERSON BLVD SCHAUMBURG IL 60173,+17087431548,2016-05-08,,E0131
E0083,Shirley,Parker,Approver L1,Quality,"9902 Adams Blvd, Naperville, IL 60540",+17088933376,2008-11-21,,E0127
E0084,Emma,Schmidt,Approver L1,Logistics,"3262 Spring Drive, Naperville, IL 60540",+17088998334,2012-03-23,,E0133
E0085,George,Ortiz,Approver L1,Quality,"7660 Meadow Lane, Aurora, IL 60502",3126765707,2021-01-23,,E0131
E0086,Joshua,Turner,Approver L1,Finance,"4094 Church Wy, Wheaton, IL 60187",331-222-7777,2019-09-30,,E0124
E0087,Susan,Williams,Approver L1,Logistics,"6058 Union Lane, Suite 21A, Bolingbrook, IL 60440",+13123448915,2012-09-19,,E0122
E0088,Joseph,Collins,Approver L1,Logistics,9422 WASHINGTON RD SUITE 10B ELGIN IL 60120,(224) 936-7053,2014-02-04,,E0118
E0089,Joseph,Myers,Approver L1,Quality,"6232 Walnut Dr, Naperville, IL 60540",(312) 993-3866,2018-01-23,,E0118
E0090,Brandon,Fischer,Approver L1,Plant,3672 CHERRY BLVD BOLINGBROOK IL 60440,(331) 629-5630,2020-07-03,,E0119
E0091,Debra,Torres,Approver L1,Logistics,"612 Mill Lane, Suite 16, Oak Brook, IL 60523",(224) 727-4374,2018-04-05,,E0122
E0092,Sharon,Carter,Approver L1,Quality,"5483 Park Rd #5B, Bolingbrook, IL 60440",8476354219,2020-07-26,,E0123
E0093,Maria,Bennett,Approver L1,Quality,"39 Willow Rd, Naperville, IL 60540",331-816-2713,2023-03-02,,E0121
E0094,Deborah,Gray,Approver L1,Plant,"7198 Birch Way, Naperville, IL 60540",2244753450,2019-06-24,,E0126
E0095,Ryan,Rivera,Approver L1,Logistics,"1164 Cedar St, Naperville, IL 60540",+18479731826,2019-06-19,,E0121
E0096,Christine,Thompson,Approver L1,Procurement,"6809 Dogwood Ct #13, Elgin, IL 60120",630-638-9202,2012-12-28,,E0127
E0097,Andrew,Carter,Approver L1,HR,"7594 Birch Ct, Elgin, IL 60120",(847) 302-9492,2011-10-19,,E0123
E0098,Gary,Roberts,Approver L1,IT,"1722 Church Road, Joliet, IL 60435",(224) 959-1524,2014-04-15,,E0125
E0099,Donald,Patel,Approver L1,Plant,"6343 Cedar Ln, Aurora, IL 60502",7089783750,2020-09-07,,E0124
E0100,Charles,Morris,Approver L1,Quality,"2689 Cherry Blvd, Elgin, IL 60120",630-945-5504,2021-01-20,,E0131
E0101,Anthony,Murphy,Approver L1,Quality,"2863 Ridge Blvd, Elgin, IL 60120",2247229964,2008-05-30,,E0129
E0102,Stephanie,Wright,Approver L1,Finance,451 UNION AVE AURORA IL 60502,312-442-2691,2020-07-08,,E0118
E0103,Richard,Novak,Approver L1,IT,"8423 Union St, Oak Brook, IL 60523",7087744749,2014-04-30,,E0123
E0104,Jason,Martin,Approver L1,Procurement,"2321 Washington St, Naperville, IL 60540",+18474316247,2015-04-14,,E0124
E0105,Gary,Cox,Approver L1,Maintenance,"3244 Pine Rd, Joliet, IL 60435",6303748924,2009-08-10,,E0120
E0106,Timothy,King,Approver L1,Quality,4133 HIGHLAND WY OAK BROOK IL 60523,+18472519925,2011-11-22,,E0119
E0107,Nicole,Howard,Approver L1,HR,9630 MAPLE RD SCHAUMBURG IL 60173,+12247784465,2012-03-11,,E0120
E0108,John,Diaz,Approver L1,Procurement,"8367 Pine Lane, Oak Brook, IL 60523",+17085165517,2016-03-16,,E0129
E0109,Sharon,Flores,Approver L1,Procurement,"1689 Pine Rd #31A, Elgin, IL 60120",3315807107,2013-08-03,,E0121
E0110,John,Long,Approver L1,HR,"613 Washington Wy #20, Joliet, IL 60435",(312) 646-9507,2018-06-15,,E0124
E0111,Jessica,Gomez,Approver L1,HR,5079 RIVER CT OAK BROOK IL 60523,+12249737019,2015-10-08,,E0119
E0112,Maria,Hill,Approver L1,Quality,7135 CEDAR WY WHEATON IL 60187,6308254331,2014-01-26,,E0130
E0113,James,Gomez,Approver L1,Logistics,"4612 Dogwood Lane, Suite 24, Bolingbrook, IL 60440",(630) 629-9022,2015-04-20,,E0129
E0114,John,Kim,Approver L1,Quality,"4863 Madison Blvd, Bolingbrook, IL 60440",+16303998912,2022-04-21,,E0124
E0115,George,Ward,Approver L1,IT,5351 RIDGE WY BOLINGBROOK IL 60440,8474036340,2019-10-13,,E0118
E0116,Paul,Ross,Approver L1,Logistics,"3706 Chestnut Way, Suite 29, Aurora, IL 60502",312-379-2765,2021-07-04,,E0133
E0117,John,White,Approver L1,Finance,"5749 River Dr, Oak Brook, IL 60523",+18478751279,2021-09-18,,E0132
E0118,Angela,Novak,Approver L2,IT,"633 Franklin Wy #35, Joliet, IL 60435",(847) 640-9981,2014-09-11,,E0130
E0119,Steven,Morgan,Approver L2,Quality,"2591 Washington Blvd, Elgin, IL 60120",(847) 462-1313,2012-01-27,,E0118
E0120,Daniel,Evans,Approver L2,Logistics,9695 BIRCH RD UNIT 1 BOLINGBROOK IL 60440,(847) 247-3831,2010-10-05,,E0130
E0121,Angela,Jackson,Approver L2,Finance,"1251 Dogwood Wy, Aurora, IL 60502",3124585499,2010-12-26,,E0127
E0122,George,Ramos,Approver L2,HR,"9065 Jackson St, Schaumburg, IL 60173",+12243636040,2014-06-30,,E0124
E0123,Eric,Hernandez,Approver L2,Procurement,231 JACKSON ST ELGIN IL 60120,(630) 791-7789,2012-12-18,,E0124
E0124,Sandra,Ward,Approver L2,IT,"8153 Hill Drive, Suite 15, Oak Brook, IL 60523",630-344-7366,2017-12-26,,E0126
E0125,George,Hughes,Approver L2,Logistics,"8786 Elm Way, Naperville, IL 60540",224-941-1275,2020-05-16,,E0133
E0126,Sharon,Stewart,Approver L2,Logistics,2439 MILL AVE AURORA IL 60502,224-747-7691,2023-01-07,,E0125
E0127,Gary,Lee,Approver L2,HR,2136 SUNSET RD OAK BROOK IL 60523,+17088086509,2019-03-07,,E0125
E0128,Sarah,Garcia,Approver L2,Finance,3320 WILLOW BLVD WHEATON IL 60187,312-671-2437,2009-04-11,,E0125
E0129,Anthony,Ramos,Approver L2,Procurement,"2173 Hill Rd, Schaumburg, IL 60173",(630) 486-6635,2010-06-28,,E0122
E0130,Raymond,Patel,Approver L2,Maintenance,7899 CEDAR LN APT 37 WHEATON IL 60187,(312) 466-1696,2019-11-03,,E0119
E0131,Charles,Clark,Approver L2,HR,"1006 Birch Road, Naperville, IL 60540",+12248553679,2010-10-20,,E0133
E0132,Frank,Adams,Approver L2,Plant,"1515 Washington Rd #21, Joliet, IL 60435",312-522-9860,2012-05-28,,E0132
E0133,Amy,Morris,Approver L2,Quality,"485 Birch Ct, Schaumburg, IL 60173",7082582856,2022-09-27,,E0127
E0134,Stephanie,Adams,Approver L3,HR,"8050 Chestnut Way, Elgin, IL 60120",+13123064417,2011-02-11,,
E0135,Karen,Kim,Approver L3,HR,7184 WILLOW RD SUITE 26B SCHAUMBURG IL 60173,3126652143,2011-07-10,,
E0136,William,Martin,Approver L3,IT,"5231 River Ct, Oak Brook, IL 60523",+12245192958,2012-09-26,,
E0137,Sharon,Ortiz,Approver L3,Finance,515 WILLOW AVE APT 19 NAPERVILLE IL 60540,+13128274070,2009-01-24,,
E0138,Brandon,Lopez,Approver L3,Plant,"5619 Cedar St, Joliet, IL 60435",+16309742528,2009-09-28,,
E0139,Debra,Green,Approver L3,IT,"2106 Cedar Street, Apt 24B, Schaumburg, IL 60173",(847) 649-6233,2016-06-28,,
E0140,Debra,Thomas,Receiver,IT,1623 PARK CT AURORA IL 60502,6307496313,2022-01-07,,E0125
E0141,Kimberly,Mendoza,Receiver,Finance,"5268 Dogwood Ln, Naperville, IL 60540",312-327-1037,2012-01-14,,E0121
E0142,Angela,Hernandez,Receiver,Plant,"3709 Hill Lane, Apt 7A, Oak Brook, IL 60523",331-491-1390,2011-02-12,,E0119
E0143,Richard,Cruz,Receiver,Logistics,"4280 Cedar Dr, Wheaton, IL 60187",+12244201744,2016-03-13,,E0125
E0144,Larry,Collins,Receiver,Plant,"9030 Park Rd #25B, Joliet, IL 60435",+16302487712,2017-08-10,,E0126
E0145,Stephen,Green,Receiver,Plant,"4396 Mill Street, Elgin, IL 60120",+18473415090,2022-06-14,,E0129
E0146,Chris,Kowalski,Receiver,Finance,"9597 River Wy, Aurora, IL 60502",(312) 365-9275,2008-07-22,,E0120
E0147,Gary,Watson,Receiver,Maintenance,"5757 Adams Way, Unit 29B, Wheaton, IL 60187",630-870-1858,2011-09-12,,E0133
E0148,Melissa,Anderson,Receiver,Logistics,"1570 Dogwood Rd, Elgin, IL 60120",+12242002341,2021-07-24,,E0128
E0149,Michael,Ruiz,Receiver,Plant,"2999 Dogwood Dr, Oak Brook, IL 60523",(630) 417-4094,2008-12-13,,E0129
E0150,Kevin,Price,Receiver,Procurement,23 UNION WY NAPERVILLE IL 60540,+13122241424,2022-10-31,,E0122
E0151,Michelle,Wright,Receiver,Quality,"5262 Meadow Ave, Oak Brook, IL 60523",8474066635,2020-01-30,,E0121
E0152,Steven,Hall,Receiver,Logistics,"1821 Ridge Dr, Oak Brook, IL 60523",(224) 557-2424,2009-06-15,,E0124
E0153,Susan,Cox,Receiver,Plant,"6051 Lincoln Ave #5, Schaumburg, IL 60173",708-977-4580,2017-10-03,,E0128
E0154,Richard,Ross,Receiver,HR,"2603 Cedar Blvd, Bolingbrook, IL 60440",3313229101,2018-11-21,,E0124
E0155,Matthew,Gomez,Receiver,Logistics,"6127 Mill Rd #15, Wheaton, IL 60187",708-713-7897,2020-01-22,,E0132
E0156,Amanda,Young,Receiver,HR,"390 Church Way, Joliet, IL 60435",+18475612232,2020-07-14,,E0130
E0157,Nancy,Hall,Receiver,Plant,6161 RIVER LN SUITE 19 AURORA IL 60502,8477515020,2021-09-02,,E0118
E0158,Steven,Baker,Receiver,Quality,"48 Jackson Lane, Oak Brook, IL 60523",630-439-1050,2011-04-01,,E0133
E0159,Linda,Brown,Receiver,IT,589 HIGHLAND WY SUITE 22A OAK BROOK IL 60523,+16305351367,2016-11-05,,E0127
E0160,Barbara,Murphy,Receiver,IT,7211 CHURCH AVE OAK BROOK IL 60523,+12243118200,2021-06-16,,E0128
E0161,Brian,Myers,Receiver,Finance,"1757 Sunset Ln, Oak Brook, IL 60523",+16308655799,2019-11-16,,E0131
E0162,Cynthia,Bailey,Receiver,IT,"2379 Jackson Lane, Apt 16A, Schaumburg, IL 60173",708-834-6982,2020-01-31,,E0118
E0163,Kimberly,Murphy,Receiver,Procurement,"8703 Pine Street, Suite 1B, Elgin, IL 60120",+13127887488,2019-06-06,,E0123
E0164,Justin,Gomez,Other,Logistics,"6454 Adams Street, Suite 20B, Wheaton, IL 60187",312-987-6758,2020-01-16,,E0123
E0165,Samantha,Stewart,Other,Procurement,9440 MEADOW CT UNIT 9 WHEATON IL 60187,331-722-4097,2020-11-18,,E0123
E0166,Anthony,Parker,Other,Plant,"6037 Elm Rd, Elgin, IL 60120",+13125764298,2022-04-12,,E0122
E0167,Emily,Reed,Other,Logistics,3697 WALNUT BLVD AURORA IL 60502,708-949-4697,2021-04-27,,E0125
E0168,George,Patel,Other,Maintenance,"3750 Walnut Boulevard, Joliet, IL 60435",3318948395,2021-07-07,,E0131
E0169,Katherine,Carter,Other,Procurement,5068 CHERRY CT BOLINGBROOK IL 60440,(312) 496-5980,2010-02-11,,E0131
E0170,Edward,Anderson,Other,HR,3945 PINE AVE JOLIET IL 60435,7088087928,2018-02-26,,E0130
E0171,Stephanie,Hughes,Other,IT,7461 FRANKLIN BLVD UNIT 34A OAK BROOK IL 60523,+18474102221,2018-01-27,,E0131
E0172,Betty,Rodriguez,Other,Quality,"8679 Jefferson Street, Elgin, IL 60120",(630) 673-3446,2013-10-25,,E0119
E0173,Samantha,Williams,Other,IT,7415 HIGHLAND BLVD OAK BROOK IL 60523,(224) 812-3891,2008-02-24,,E0121
E0174,Eric,Reyes,Other,Plant,"1061 Sunset Boulevard, Oak Brook, IL 60523",224-777-4537,2018-06-30,,E0126
E0175,Debra,Morales,Other,IT,4501 BIRCH LN OAK BROOK IL 60523,331-608-7730,2020-07-19,,E0124
E0176,Raymond,Flores,Other,Maintenance,"1205 Forest Ct, Bolingbrook, IL 60440",224-393-7828,2013-01-19,,E0125
E0177,Rachel,Green,Other,Plant,"2167 Hill Road, Unit 37A, Bolingbrook, IL 60440",(708) 864-4444,2012-12-08,,E0122
E0178,Nicholas,Rogers,Other,Maintenance,7425 LINCOLN CT WHEATON IL 60187,(312) 827-6096,2012-09-13,,E0125
E0179,Matthew,Brooks,Other,Finance,"1667 Union Ave, Aurora, IL 60502",331-339-4270,2014-01-09,,E0132
E0180,Patricia,Walker,Other,Quality,"9760 River Road, Suite 7A, Joliet, IL 60435",+16309632944,2022-10-10,,E0129
E0181,Michael,Martin,Other,Procurement,"9198 Highland Rd, Wheaton, IL 60187",7086506033,2008-08-16,,E0127
E0182,Stephanie,Perez,Other,IT,2527 CEDAR BLVD APT 22B BOLINGBROOK IL 60440,3126041516,2009-03-27,,E0129
E0183,Kevin,Cooper,Other,Procurement,"7430 Lincoln Blvd #40, Naperville, IL 60540",224-303-3913,2017-06-03,,E0128
E0184,Joseph,Novak,Other,Logistics,"7163 Hill Road, Suite 39A, Schaumburg, IL 60173",(708) 303-5074,2016-04-19,,E0119
E0185,Laura,Schmidt,Other,Plant,9157 JEFFERSON DR OAK BROOK IL 60523,+16306339376,2008-02-03,,E0121
E0186,Joshua,Novak,Other,Maintenance,3781 WILLOW LN BOLINGBROOK IL 60440,3313485076,2021-07-06,2025-02-02,E0123
E0187,Jeffrey,Foster,Other,Maintenance,"9510 Washington Way, Unit 9A, Oak Brook, IL 60523",847-785-9931,2012-01-19,2023-05-15,E0133
E0188,Gregory,Myers,Other,HR,"7800 Maple Street, Oak Brook, IL 60523",3316195843,2013-07-03,,E0121
E0189,Timothy,Sanchez,Other,Procurement,"6050 Cedar Wy, Aurora, IL 60502",847-922-1440,2018-07-26,,E0121
E0190,Larry,Morris,Other,Logistics,3079 CHESTNUT LN SCHAUMBURG IL 60173,847-506-1829,2020-08-23,,E0122
E0191,David,James,Other,IT,8465 PARK LN WHEATON IL 60187,+13124421112,2020-05-08,,E0121
E0192,Frank,Brown,Other,IT,"8840 Sunset Blvd, Naperville, IL 60540",+16303115396,2014-09-19,,E0124
E0193,Larry,Cook,Other,Finance,"4677 Walnut Lane, Wheaton, IL 60187",312-369-5941,2020-12-11,,E0126
E0194,Shirley,Rivera,Other,Finance,"1897 River Wy, Elgin, IL 60120",+18474835717,2019-12-08,,E0125
E0195,Justin,Novak,Other,Procurement,"8079 Spring Ln, Wheaton, IL 60187",+13318698210,2013-06-14,,E0124
E0196,Rachel,Stewart,Other,Quality,7152 FRANKLIN RD JOLIET IL 60435,+18477424459,2008-10-26,,E0122
E0197,Kevin,Brown,Other,IT,"6572 Birch Street, Oak Brook, IL 60523",(630) 928-7086,2008-03-25,,E0121
E0198,Ronald,Cox,Other,Finance,"8950 Sunset Street, Schaumburg, IL 60173",+16307571919,2009-12-02,,E0129
E0199,Patrick,Gomez,Other,IT,"5959 Jackson Avenue, Oak Brook, IL 60523",+16307668740,2011-05-08,,E0122
E0200,Maria,Fischer,Other,Procurement,"4687 Park Wy, Naperville, IL 60540",708-982-5414,2011-08-03,,E0119
E0201,Maria,Stewart,Other,Procurement,"3331 Spring Dr, Schaumburg, IL 60173",(847) 259-3748,2023-02-15,,E0124
E0202,Charles,Smith,Other,Quality,2173 OAK BLVD WHEATON IL 60187,708-728-1929,2019-03-17,,E0121
E0203,Raymond,Nguyen,Other,Maintenance,7577 CHERRY DR UNIT 28A OAK BROOK IL 60523,+18478426542,2019-01-11,,E0119
E0204,Daniel,Brown,Other,IT,"1828 Pine Ln, Joliet, IL 60435",708-358-1993,2016-07-23,,E0123
E0205,Stephen,Stewart,Other,Procurement,"317 River Road, Bolingbrook, IL 60440",3129822618,2016-09-28,,E0129
E0206,Matthew,Perez,Other,Quality,"7008 Chestnut Blvd, Elgin, IL 60120",847-922-9210,2014-07-08,2024-03-26,E0119
E0207,Andrew,Edwards,Other,HR,"1314 Pine Dr #2B, Bolingbrook, IL 60440",708-385-2960,2008-05-09,,E0132
E0208,Robert,Gutierrez,Other,HR,2380 CEDAR LN JOLIET IL 60435,331-382-6856,2021-12-19,,E0118
E0209,George,Wilson,Other,Quality,"7115 Church Wy, Oak Brook, IL 60523",2249816913,2019-05-31,,E0122
E0210,Brenda,Robinson,Other,Maintenance,"1283 Elm Dr, Elgin, IL 60120",+18479918143,2009-03-05,,E0130
E0211,Ryan,Adams,Other,Logistics,"4244 Madison Street, Unit 12A, Elgin, IL 60120",708-656-3996,2009-07-30,,E0131
E0212,Eric,Kowalski,Other,Plant,"7006 Pine Wy #17, Oak Brook, IL 60523",(847) 304-6961,2020-10-25,,E0125
E0213,Matthew,Ortiz,Other,Procurement,"9436 Forest Ct, Schaumburg, IL 60173",(224) 458-4717,2013-08-27,,E0133
E0214,Susan,Jackson,Other,Logistics,"1254 Willow Drive, Naperville, IL 60540",708-530-9574,2008-11-03,,E0122
E0215,Joshua,Hughes,Other,Finance,"4351 Sunset Blvd, Wheaton, IL 60187",+13127803205,2009-12-04,,E0128
E0216,Nancy,Anderson,Other,Plant,"9901 Lake Dr #19, Schaumburg, IL 60173",(630) 804-3601,2013-06-15,,E0133
E0217,Mark,Gonzalez,Other,Procurement,"6057 Maple Lane, Bolingbrook, IL 60440",312-538-9724,2018-12-08,,E0129
E0218,Helen,Roberts,Other,Quality,7897 CHERRY CT OAK BROOK IL 60523,+13128102468,2008-03-17,,E0130
E0219,Anna,Castillo,Other,Quality,2119 ELM BLVD APT 32 WHEATON IL 60187,(312) 316-2555,2013-02-10,,E0133
E0220,Kenneth,Morgan,Other,IT,1418 CHURCH BLVD UNIT 31B JOLIET IL 60435,6304994854,2021-07-28,2023-12-31,E0122
E0221,Larry,Allen,Other,Procurement,6525 MAPLE CT SUITE 33 BOLINGBROOK IL 60440,(224) 324-5615,2009-07-30,,E0125
E0222,William,Johnson,Other,Quality,"6999 Jackson Boulevard, Naperville, IL 60540",+17085306179,2014-05-08,,E0123
E0223,John,Parker,Other,Plant,1569 WASHINGTON RD SUITE 30A SCHAUMBURG IL 60173,2247607308,2010-09-26,,E0130
E0224,Patrick,Hill,Other,Procurement,"3740 Walnut Boulevard, Suite 40A, Joliet, IL 60435",+12245112182,2009-07-05,,E0118
E0225,Donald,Murphy,Other,Logistics,"8762 River Street, Naperville, IL 60540",7086478114,2010-05-31,,E0123
E0226,Laura,Bailey,Other,IT,"30 River Way, Schaumburg, IL 60173",+13315981708,2011-02-02,,E0131
E0227,Joseph,Baker,Other,HR,606 RIDGE RD APT 1A AURORA IL 60502,8474724428,2017-06-03,,E0121
E0228,Ryan,Schmidt,Other,Maintenance,1993 RIVER DR AURORA IL 60502,224-413-8864,2011-07-19,,E0131
E0229,Gregory,Wilson,Other,Finance,676 JEFFERSON AVE NAPERVILLE IL 60540,(847) 603-8343,2010-11-22,,E0127
E0230,Laura,Brooks,Other,Quality,6505 BIRCH DR SUITE 20 JOLIET IL 60435,312-694-7391,2010-12-06,,E0131
E0231,Katherine,Rogers,Other,Finance,"9692 Hill Street, Schaumburg, IL 60173",3319808406,2013-04-23,,E0125
E0232,Shirley,Rogers,Other,Plant,7493 SPRING BLVD JOLIET IL 60435,(630) 673-2372,2015-01-06,2023-06-02,E0130
E0233,Edward,Green,Other,Logistics,3841 WASHINGTON AVE UNIT 40 WHEATON IL 60187,331-967-9892,2010-09-04,,E0126
E0234,Laura,Jones,Other,Procurement,"1440 Union Boulevard, Suite 18B, Joliet, IL 60435",3129599714,2010-01-01,,E0123
E0235,George,Diaz,Other,Plant,"2764 Hill Blvd, Elgin, IL 60120",224-671-9348,2013-01-06,,E0118
E0236,Thomas,Gonzalez,Other,Finance,"9979 Washington Ct, Elgin, IL 60120",847-366-1024,2022-11-05,,E0122
E0237,Mary,Torres,Other,IT,"2253 Walnut Road, Schaumburg, IL 60173",847-329-4699,2014-11-11,,E0129
E0238,Stephanie,Bennett,Other,Finance,"8632 Hill Boulevard, Apt 33B, Naperville, IL 60540",8479099705,2011-08-28,,E0122
E0239,Patricia,Carter,Other,Procurement,"8062 Pine Lane, Joliet, IL 60435",3122259664,2015-03-01,,E0118
E0240,George,Howard,Other,HR,8074 MILL BLVD APT 6A SCHAUMBURG IL 60173,+18477374523,2016-03-09,,E0125
E0241,Donna,Johnson,Other,HR,"2130 Lincoln Ave, Schaumburg, IL 60173",3316324276,2012-09-04,,E0124
E0242,Jessica,Baker,Other,Quality,"6161 Willow Drive, Unit 37A, Naperville, IL 60540",6308711396,2011-04-20,2025-06-16,E0120
E0243,Brian,Mendoza,Other,HR,5756 CHERRY ST NAPERVILLE IL 60540,+16307267417,2021-03-23,,E0121
E0244,Debra,Kelly,Other,Procurement,"4889 Chestnut Rd, Oak Brook, IL 60523",2248141298,2017-12-09,,E0124
E0245,Pamela,Lopez,Other,Finance,"3838 Mill Ln, Joliet, IL 60435",847-324-2818,2021-01-10,,E0131
E0246,Amy,Williams,Other,HR,8549 WILLOW CT APT 8B SCHAUMBURG IL 60173,2248043488,2015-09-02,,E0127
E0247,Donald,Martin,Other,Procurement,"2193 Meadow Street, Unit 5B, Wheaton, IL 60187",312-603-2557,2016-08-30,,E0121
E0248,Samuel,Price,Other,Maintenance,"1352 Elm Rd, Oak Brook, IL 60523",(847) 953-5368,2009-01-03,,E0130
E0249,Benjamin,Jimenez,Other,Procurement,7983 LINCOLN RD SUITE 29 WHEATON IL 60187,708-872-9888,2017-08-06,,E0125
E0250,Richard,Jones,Other,IT,2567 HIGHLAND AVE APT 5B OAK BROOK IL 60523,8475685584,2008-01-27,,E0123
E0251,Angela,Foster,Other,Logistics,"4410 Franklin Blvd, Aurora, IL 60502",+16304971869,2020-09-10,,E0122
E0252,Betty,Thompson,Other,HR,"6779 Jackson Wy, Naperville, IL 60540",+18472392640,2016-02-08,2025-03-07,E0120
E0253,Susan,Phillips,Other,IT,3749 CHESTNUT LN ELGIN IL 60120,708-598-4445,2008-11-22,,E0130
E0254,Christine,Chavez,Other,Maintenance,"722 River Avenue, Unit 3A, Aurora, IL 60502",7082455274,2018-12-02,,E0127
E0255,Amanda,Wood,Other,IT,"1968 Meadow St, Wheaton, IL 60187",2242496905,2010-03-14,,E0128
E0256,Carol,Morgan,Other,Maintenance,"3463 Pine Drive, Schaumburg, IL 60173",708-694-4342,2021-06-17,,E0119
E0257,Michelle,Lee,Other,IT,3920 WALNUT DR NAPERVILLE IL 60540,(708) 305-2728,2017-12-10,2023-09-09,E0126
E0258,Susan,Hill,Other,HR,5565 SPRING ST AURORA IL 60502,(847) 490-4926,2009-06-11,2024-10-30,E0122
E0259,Alexander,Martin,Other,Logistics,1571 CHESTNUT CT SCHAUMBURG IL 60173,+17083881702,2013-04-13,,E0131
E0260,Daniel,Johnson,Other,Procurement,"1759 Highland Lane, Suite 20A, Naperville, IL 60540",312-734-1279,2012-06-02,,E0128
E0261,Andrew,Sanchez,Other,Logistics,"2299 Cedar Avenue, Aurora, IL 60502",+13122729054,2023-03-08,,E0128
E0262,Mary,Ramirez,Other,Logistics,"2778 Spring Way, Elgin, IL 60120",630-829-3694,2022-04-03,,E0126
E0263,Jessica,Lee,Other,Quality,"8109 Washington Boulevard, Aurora, IL 60502",2245631912,2011-10-05,2025-03-27,E0126
E0264,Laura,Roberts,Other,Finance,"5384 Jackson Street, Suite 19A, Joliet, IL 60435",6309654360,2009-05-16,2025-03-18,E0128
E0265,Michelle,Williams,Other,Logistics,"6454 Jefferson Ln #20A, Bolingbrook, IL 60440",(312) 979-5484,2020-10-15,,E0131
E0266,Laura,Martinez,Other,Finance,4807 SPRING BLVD JOLIET IL 60435,8479448209,2019-06-17,,E0119
E0267,Donald,Miller,Other,Quality,4485 RIDGE LN APT 20A JOLIET IL 60435,+13129994395,2010-03-08,,E0127
E0268,Kenneth,Novak,Other,IT,2345 OAK RD SUITE 22B JOLIET IL 60435,312-333-5142,2013-06-04,,E0120
E0269,William,Novak,Other,Finance,"5183 Oak Drive, Oak Brook, IL 60523",2243094754,2019-07-23,,E0126
E0270,Steven,Thomas,Other,HR,7487 MADISON AVE APT 39 AURORA IL 60502,+17085287378,2013-04-04,2024-10-22,E0123
E0271,Sharon,Allen,Other,Finance,8954 OAK ST NAPERVILLE IL 60540,+17086712467,2020-02-18,2023-07-28,E0124
E0272,Deborah,Ward,Other,HR,"6208 Oak Ct #9A, Aurora, IL 60502",630-843-9131,2012-06-27,,E0120
E0273,Kathleen,Reed,Other,HR,7053 CEDAR RD JOLIET IL 60435,+13125491889,2014-07-18,,E0129
E0274,Scott,Murphy,Other,Plant,"2061 Church Ave, Wheaton, IL 60187",847-513-9952,2009-12-28,,E0128
E0275,Kenneth,Cook,Other,Plant,5992 CHERRY WY UNIT 1A AURORA IL 60502,630-822-6807,2017-12-19,,E0121
E0276,Carol,Novak,Other,Quality,7783 HIGHLAND AVE UNIT 22B NAPERVILLE IL 60540,+12244091123,2022-06-18,,E0133
E0277,George,King,Other,Procurement,"8395 Meadow Court, Bolingbrook, IL 60440",(847) 388-5716,2014-05-24,,E0126
E0278,Sharon,Sanchez,Other,Finance,8443 DOGWOOD DR ELGIN IL 60120,331-947-7432,2020-08-28,,E0132
E0279,Charles,Cook,Other,HR,"286 Cherry Road, Suite 24, Wheaton, IL 60187",331-665-3331,2014-08-17,,E0122
E0280,Janet,Roberts,Other,Procurement,"7323 River Blvd, Naperville, IL 60540",8477118695,2013-07-06,,E0125
E0281,Shirley,Lopez,Other,Finance,"498 Highland Street, Apt 11A, Aurora, IL 60502",+13315224373,2022-12-30,,E0127
E0282,Emma,Flores,Other,Plant,9061 MILL ST SUITE 21A AURORA IL 60502,(630) 385-1752,2010-11-01,,E0128
E0283,Debra,Brown,Other,IT,"4095 Lincoln Dr, Oak Brook, IL 60523",+13312734822,2012-01-01,,E0133
E0284,Deborah,Cruz,Other,Maintenance,"8206 Madison Drive, Oak Brook, IL 60523",630-904-5525,2016-07-07,,E0128
E0285,Patricia,Baker,Other,Maintenance,"7444 Jackson Wy, Oak Brook, IL 60523",7088616550,2019-04-04,,E0124
E0286,Carolyn,Parker,Other,HR,"2455 Willow Blvd, Naperville, IL 60540",+18478217338,2009-08-01,,E0120
E0287,Janet,Scott,Other,HR,9458 MADISON ST SCHAUMBURG IL 60173,708-361-4398,2012-01-10,,E0123
E0288,Elizabeth,Morris,Other,Plant,"7917 Park Blvd #24B, Schaumburg, IL 60173",6304228370,2015-06-04,,E0124
E0289,Michael,Richardson,Other,Plant,4813 FOREST BLVD NAPERVILLE IL 60540,8479488817,2008-01-08,,E0121
E0290,Sharon,Watson,Other,IT,"2003 Cherry Boulevard, Apt 38, Oak Brook, IL 60523",(847) 856-4950,2019-02-08,,E0122
E0291,Daniel,Martin,Other,Procurement,"926 Willow Lane, Schaumburg, IL 60173",+13126096374,2014-08-18,,E0128
E0292,Emma,Novak,Other,IT,9584 PINE RD WHEATON IL 60187,+18479581052,2016-02-02,,E0123
E0293,Katherine,Perez,Other,Plant,"8020 Park Ln #36B, Elgin, IL 60120",224-530-3110,2013-11-14,,E0130
E0294,Anna,Smith,Other,Maintenance,"2723 Cedar Wy #19A, Aurora, IL 60502",708-334-3812,2018-07-27,,E0125
E0295,Alexander,Murphy,Other,Quality,7407 PINE ST JOLIET IL 60435,708-461-8754,2010-05-12,,E0122
E0296,Sarah,Moore,Other,Procurement,"9436 Highland Lane, Naperville, IL 60540",+12248058962,2015-01-20,,E0123
E0297,Cynthia,Wood,Other,Maintenance,"9297 Franklin Ct #14A, Oak Brook, IL 60523",7085834703,2020-08-28,,E0124
E0298,Stephen,Wright,Other,Plant,"8148 Elm Road, Aurora, IL 60502",+13317194321,2018-08-29,,E0125
E0299,Jonathan,Morris,Other,Logistics,"6913 Washington Street, Suite 25, Bolingbrook, IL 60440",708-512-9954,2014-08-28,,E0124
E0300,Jonathan,Harris,Other,Maintenance,"9120 Lincoln Dr, Wheaton, IL 60187",(847) 423-3673,2021-09-05,2023-12-19,E0129
E0301,Patricia,Martin,Other,HR,4726 WASHINGTON DR WHEATON IL 60187,7089014102,2010-08-10,2023-04-01,E0133
E0302,Joseph,Williams,Other,Maintenance,6244 PINE WY APT 11A SCHAUMBURG IL 60173,(630) 588-5783,2021-03-26,,E0132
E0303,Karen,King,Other,Maintenance,"8382 Walnut Rd, Wheaton, IL 60187",(312) 682-1065,2018-05-07,,E0123
E0304,Susan,Wright,Other,HR,"9984 River Way, Unit 28B, Elgin, IL 60120",331-372-7918,2017-10-23,2023-12-25,E0124
E0305,Joshua,Ortiz,Other,Finance,"799 Meadow Dr #36A, Wheaton, IL 60187",(312) 685-8162,2009-02-12,,E0120
E0306,Kenneth,Gutierrez,Other,Quality,"5660 Park Ave #34, Naperville, IL 60540",(847) 972-1110,2016-09-22,,E0130
E0307,Kenneth,King,Other,Plant,5077 CHERRY LN JOLIET IL 60435,(224) 544-1713,2009-01-14,2025-03-19,E0124
E0308,Nicole,Green,Other,IT,5942 CEDAR CT APT 19 BOLINGBROOK IL 60440,+13319546549,2018-01-31,,E0131
E0309,Alexander,Nelson,Other,Maintenance,2213 JEFFERSON AVE APT 3B WHEATON IL 60187,708-920-4896,2009-09-12,2025-05-25,E0122
E0310,Donald,Myers,Other,Plant,"1203 Jackson Ct #35B, Elgin, IL 60120",7084124392,2019-12-19,,E0121
E0311,Andrew,Cooper,Other,Finance,495 RIVER RD AURORA IL 60502,312-530-7498,2013-06-09,,E0129
E0312,Stephen,Sanders,Other,Maintenance,"8017 Oak Street, Wheaton, IL 60187",847-453-9695,2008-08-02,,E0133
E0313,Susan,Kelly,Other,Logistics,2879 WALNUT AVE BOLINGBROOK IL 60440,+13124016321,2014-12-31,,E0129
E0314,Brandon,Ortiz,Other,Quality,"435 Park Road, Naperville, IL 60540",(708) 880-2086,2012-01-06,,E0131
E0315,Jonathan,Moore,Other,Plant,283 PARK ST SCHAUMBURG IL 60173,2245421898,2016-08-04,,E0126
E0316,Gary,Garcia,Other,Quality,"492 Lincoln Ct, Elgin, IL 60120",(708) 277-7692,2019-11-28,,E0131
E0317,Lisa,Carter,Other,HR,"5384 Union Court, Bolingbrook, IL 60440",6309731096,2015-06-09,,E0133
E0318,Patricia,Wright,Other,IT,"783 Washington Blvd, Joliet, IL 60435",2249013985,2016-11-06,,E0118
E0319,Nicholas,Castillo,Other,HR,"1368 Madison Wy #9B, Naperville, IL 60540",+16302848444,2011-05-11,,E0128
E0320,Thomas,Martinez,Other,Maintenance,2844 DOGWOOD CT APT 4B BOLINGBROOK IL 60440,+18477658311,2016-04-06,,E0124
E0321,Kathleen,James,Other,Plant,9003 ADAMS ST JOLIET IL 60435,(630) 654-5364,2013-06-14,,E0125
E0322,Katherine,Long,Other,Finance,"2137 Dogwood Lane, Apt 36, Oak Brook, IL 60523",7088134431,2011-02-01,2023-08-05,E0132
E0323,Paul,Nguyen,Other,Maintenance,"6898 Maple Blvd #4B, Oak Brook, IL 60523",+12247324960,2021-10-08,,E0125
E0324,Gregory,Alvarez,Other,Maintenance,"1091 Lake Rd, Wheaton, IL 60187",(630) 595-8720,2018-06-21,,E0130
E0325,Lisa,Green,Other,HR,1063 CHURCH RD UNIT 13B ELGIN IL 60120,+12249971578,2010-11-10,2023-06-22,E0121
E0326,Steven,Parker,Other,Logistics,"4226 Birch Dr, Wheaton, IL 60187",(331) 680-5255,2018-11-10,,E0120
E0327,Jeffrey,Jimenez,Other,Finance,"4165 Oak Rd #3B, Bolingbrook, IL 60440",+12245808129,2013-10-21,,E0133
E0328,Gary,Flores,Other,Quality,"1533 River Avenue, Oak Brook, IL 60523",(708) 414-7060,2015-11-24,,E0128
E0329,Ashley,Smith,Other,Maintenance,"4396 Dogwood Ln, Joliet, IL 60435",847-461-5608,2018-05-26,,E0126
E0330,Carol,Hall,Other,Logistics,560 WILLOW WY OAK BROOK IL 60523,3312268331,2021-08-28,2023-11-07,E0128
E0331,John,Nelson,Other,HR,"3139 Lake Way, Elgin, IL 60120",3312327756,2015-06-09,,E0126
E0332,Joseph,Lee,Other,HR,"136 Willow St, Bolingbrook, IL 60440",(708) 859-2575,2008-06-25,,E0129
E0333,Brenda,Alvarez,Other,Plant,"7822 Mill Way, Suite 27A, Elgin, IL 60120",331-531-6261,2015-07-02,,E0130
E0334,Benjamin,Sanders,Other,Quality,"8501 Church Blvd, Bolingbrook, IL 60440",(331) 229-4427,2019-05-31,,E0128
E0335,Michelle,Morris,Other,Logistics,"3819 Cherry Way, Suite 39A, Oak Brook, IL 60523",3122083778,2008-11-30,2024-06-30,E0118
E0336,Mark,Torres,Other,Quality,6641 HIGHLAND RD OAK BROOK IL 60523,(847) 778-1988,2015-09-23,,E0131
E0337,Frank,Wilson,Other,Logistics,9278 JACKSON WY JOLIET IL 60435,3316064324,2019-03-15,,E0127
E0338,Cynthia,James,Other,Finance,"8418 Washington Road, Oak Brook, IL 60523",+12249439549,2017-06-26,,E0130
E0339,Jonathan,Wilson,Other,Procurement,"3347 Mill St, Schaumburg, IL 60173",+18479241558,2021-06-07,,E0132
E0340,Pamela,Diaz,Other,IT,"8871 Hill Ln, Elgin, IL 60120",+13318405439,2021-08-16,,E0130
E0341,Barbara,Morales,Other,Procurement,"6403 Oak Road, Oak Brook, IL 60523",6305599719,2011-09-04,,E0133
E0342,Brenda,Rivera,Other,Finance,"133 Park Ct #24B, Oak Brook, IL 60523",3318126811,2015-11-08,,E0124
E0343,Helen,Allen,Other,IT,"6296 Mill Boulevard, Oak Brook, IL 60523",630-993-2103,2022-08-09,,E0130
E0344,Kenneth,Watson,Other,Procurement,"9063 Lincoln Court, Schaumburg, IL 60173",(630) 522-3811,2022-11-07,2024-10-12,E0132
E0345,Daniel,Williams,Other,Maintenance,5338 FRANKLIN ST AURORA IL 60502,+13317068896,2011-08-15,,E0132
E0346,Mary,Morales,Other,Maintenance,"4860 Madison Ln, Joliet, IL 60435",+17087384067,2021-07-25,,E0129
E0347,Gregory,Parker,Other,Maintenance,3922 WASHINGTON DR BOLINGBROOK IL 60440,3315536654,2016-03-06,,E0133
E0348,Gary,Ramos,Other,HR,5043 MADISON DR OAK BROOK IL 60523,8476786437,2017-11-30,,E0132
E0349,Carol,Johnson,Other,Maintenance,"4283 Sunset Ct, Elgin, IL 60120",+13316264755,2022-02-16,,E0131
E0350,Amanda,Nelson,Other,Maintenance,"9198 Oak Boulevard, Elgin, IL 60120",630-298-5000,2022-10-13,2024-12-09,E0122
E0351,Amy,Johnson,Other,Finance,"2808 Willow Way, Joliet, IL 60435",2249928554,2022-04-04,,E0123
E0352,Chris,Schmidt,Other,IT,"5137 Union Ct, Oak Brook, IL 60523",(331) 730-4304,2013-06-19,,E0133
E0353,Anna,Green,Other,Maintenance,"22 River Road, Bolingbrook, IL 60440",+12248441023,2011-09-21,,E0132
E0354,Anthony,Kim,Other,Quality,"5377 River Lane, Suite 19, Bolingbrook, IL 60440",630-966-2386,2018-06-21,,E0122
E0355,Raymond,Martin,Other,Quality,"9803 Park Dr, Schaumburg, IL 60173",7089229366,2015-01-01,,E0121
E0356,Kevin,Collins,Other,Logistics,"3358 Lincoln Way, Wheaton, IL 60187",(331) 334-7481,2018-01-29,,E0124
E0357,Carolyn,Moore,Other,Finance,"4972 Lake Ct, Wheaton, IL 60187",+16302392387,2008-01-11,,E0127
E0358,Nicole,Reed,Other,Plant,"9371 Park Court, Suite 34B, Naperville, IL 60540",(224) 697-7963,2020-12-18,,E0125
E0359,Donald,Morgan,Other,Finance,"1066 Walnut Ln, Aurora, IL 60502",3318233046,2015-07-24,,E0121
E0360,Gary,King,Other,HR,"4327 Jackson Way, Aurora, IL 60502",(331) 887-8498,2019-03-30,,E0123
E0361,Maria,Kelly,Other,Maintenance,"7012 Franklin Way, Elgin, IL 60120",331-999-3415,2016-06-12,,E0129
E0362,Susan,Petrov,Other,Finance,"5003 Walnut Way, Joliet, IL 60435",331-419-3019,2018-05-20,,E0126
E0363,Helen,Gray,Other,Procurement,"8544 Adams Ln #29, Elgin, IL 60120",+17088026886,2014-04-10,2023-10-11,E0128
E0364,Debra,Baker,Other,IT,"1905 Cherry Ave, Oak Brook, IL 60523",6308083705,2019-01-28,,E0128
E0365,Sharon,Martinez,Other,Plant,"951 Dogwood Road, Joliet, IL 60435",+17082223319,2020-03-15,,E0123
E0366,Shirley,Cox,Other,Procurement,"6695 Franklin Street, Apt 27A, Aurora, IL 60502",312-815-2837,2021-05-27,,E0129
E0367,Frank,King,Other,Maintenance,"4682 Ridge St #23, Elgin, IL 60120",(847) 533-3280,2016-01-26,,E0124
E0368,Sandra,Novak,Other,IT,"906 Sunset Rd #15B, Schaumburg, IL 60173",8477369807,2022-03-10,,E0133
E0369,David,Wright,Other,Quality,6956 MADISON WY AURORA IL 60502,312-359-4315,2022-06-16,,E0122
E0370,Sandra,Rivera,Other,Maintenance,"9667 Highland Ct #23A, Joliet, IL 60435",6308628414,2014-05-06,,E0128
E0371,Donald,Richardson,Other,Procurement,5983 SPRING RD UNIT 19 SCHAUMBURG IL 60173,331-891-2207,2008-05-29,,E0129
E0372,Jonathan,Scott,Other,IT,"5385 Lincoln Way, Apt 16B, Elgin, IL 60120",708-340-6032,2012-03-07,,E0123
E0373,Rebecca,Brooks,Other,IT,5352 HILL AVE APT 38B AURORA IL 60502,6303058244,2016-05-09,,E0120
E0374,Rebecca,Collins,Other,IT,2086 DOGWOOD AVE AURORA IL 60502,+17084867296,2019-03-24,,E0131
E0375,Robert,Brown,Other,Finance,5317 BIRCH AVE SUITE 31B AURORA IL 60502,+12242801210,2017-05-08,,E0118
E0376,Nicole,Fischer,Other,Logistics,4901 ELM DR SUITE 6 WHEATON IL 60187,+12245973840,2023-03-14,,E0122
E0377,Barbara,Martinez,Other,Plant,8991 PARK DR APT 19B NAPERVILLE IL 60540,(224) 924-1776,2008-08-18,,E0131
E0378,Andrew,Chavez,Other,Logistics,"6420 Lake Avenue, Wheaton, IL 60187",6306947755,2015-01-06,,E0124
E0379,Jonathan,Miller,Other,Procurement,"8374 Meadow Ct, Wheaton, IL 60187",630-871-4471,2020-09-23,,E0127
E0380,Ryan,Cook,Other,IT,"2082 Lincoln Avenue, Wheaton, IL 60187",7087278669,2010-11-27,,E0124
E0381,Patrick,Green,Other,Plant,"2550 River St, Aurora, IL 60502",(630) 990-7835,2022-08-28,,E0124
E0382,William,Cruz,Other,Procurement,1649 JEFFERSON AVE SUITE 19B ELGIN IL 60120,+16309949157,2021-12-17,,E0132
E0383,Elizabeth,Lewis,Other,Maintenance,9519 MEADOW DR SCHAUMBURG IL 60173,(331) 962-4798,2020-06-21,,E0118
E0384,Ryan,Miller,Other,Logistics,2618 MAPLE BLVD UNIT 32A NAPERVILLE IL 60540,(312) 397-3607,2016-03-21,,E0125
E0385,Ashley,Scott,Other,Finance,8910 LINCOLN RD WHEATON IL 60187,630-782-8799,2019-06-17,,E0132
E0386,Eric,Howard,Other,Plant,"7525 Lincoln Dr #40B, Bolingbrook, IL 60440",(312) 787-4843,2013-05-17,,E0130
E0387,Sandra,Baker,Other,HR,"3306 Hill Rd, Naperville, IL 60540",+12243464090,2010-07-12,,E0125
E0388,Paul,Flores,Other,Maintenance,"3404 Willow Lane, Schaumburg, IL 60173",630-636-9504,2021-10-02,,E0121
E0389,Edward,Torres,Other,IT,"9716 Pine Court, Apt 28A, Joliet, IL 60435",3122695993,2008-02-28,,E0118
E0390,Rachel,Moore,Other,IT,"5240 Union Dr #17A, Aurora, IL 60502",312-695-1765,2016-01-22,,E0126
E0391,Benjamin,Lopez,Other,Finance,"8487 Cherry Avenue, Bolingbrook, IL 60440",2243273660,2023-03-22,,E0130
E0392,William,Adams,Other,Procurement,"2128 Hill Drive, Unit 3B, Naperville, IL 60540",6303224023,2013-05-03,2025-03-15,E0129
E0393,Samuel,Parker,Other,Procurement,2120 FRANKLIN BLVD AURORA IL 60502,(708) 302-2841,2022-07-07,,E0131
E0394,Betty,Price,Other,IT,"3294 Maple Court, Wheaton, IL 60187",708-898-1984,2015-08-13,,E0132
E0395,Samantha,Long,Other,Maintenance,"9927 Lincoln Ct #25B, Naperville, IL 60540",847-657-9866,2010-09-24,,E0127
E0396,Samuel,Foster,Other,Procurement,1154 SPRING DR JOLIET IL 60435,+17086541809,2022-08-25,,E0118
E0397,Emma,Chavez,Other,Plant,"3011 Lincoln Rd, Naperville, IL 60540",8479861269,2014-01-13,,E0126
E0398,Kevin,Ramirez,Other,Finance,"2405 Maple Way, Joliet, IL 60435",3129044093,2020-01-23,,E0124
E0399,Nicholas,White,Other,Procurement,6532 HIGHLAND LN OAK BROOK IL 60523,+13125839200,2021-02-21,,E0132
E0400,Nancy,Cox,Other,Logistics,3625 WASHINGTON DR APT 19B JOLIET IL 60435,(331) 739-9837,2022-10-07,,E0132
E0401,Ryan,Foster,Other,HR,"1611 River Ct, Bolingbrook, IL 60440",(708) 820-1498,2016-05-25,,E0131
E0402,Charles,Bennett,Other,Quality,7871 WILLOW DR BOLINGBROOK IL 60440,847-379-1141,2018-09-06,,E0127
E0403,Donna,Petrov,Other,Maintenance,1341 UNION BLVD UNIT 4A JOLIET IL 60435,+18475203503,2008-05-03,,E0118
E0404,William,Scott,Other,Procurement,"4818 Ridge Court, Joliet, IL 60435",(847) 458-6368,2015-04-27,,E0131
E0405,Ronald,Morris,Other,Quality,"7876 Highland Dr #22B, Elgin, IL 60120",331-586-7865,2008-10-06,,E0125
E0406,Timothy,Gutierrez,Other,Plant,"9887 Cherry Avenue, Oak Brook, IL 60523",(847) 654-7200,2015-08-10,2023-08-15,E0118
E0407,Donald,Ross,Other,Logistics,"772 Birch Avenue, Naperville, IL 60540",+16305592284,2010-03-29,,E0118
E0408,Elizabeth,Rodriguez,Other,IT,"7271 Washington Road, Aurora, IL 60502",3128124594,2009-04-27,,E0129
E0409,Pamela,Gonzalez,Other,Quality,117 HIGHLAND CT APT 3B ELGIN IL 60120,+12244284969,2019-10-30,,E0132
E0410,Brandon,Watson,Other,Finance,"6840 Washington Boulevard, Schaumburg, IL 60173",+16305663713,2015-04-10,2023-07-26,E0123
E0411,Brian,Flores,Other,IT,"8528 Madison Street, Apt 10B, Bolingbrook, IL 60440",8474164249,2016-07-22,,E0123
E0412,Kathleen,Cox,Other,Plant,1380 LAKE ST NAPERVILLE IL 60540,(331) 389-3617,2015-08-01,,E0132
E0413,Melissa,Richardson,Other,Maintenance,"1836 Pine Way, Oak Brook, IL 60523",312-230-6643,2017-08-22,,E0124
E0414,Elizabeth,Howard,Other,Finance,1695 MILL CT BOLINGBROOK IL 60440,8472012658,2009-01-12,,E0128
E0415,Cynthia,Harris,Other,HR,"2281 Elm Court, Wheaton, IL 60187",708-595-5039,2018-03-25,,E0125
E0416,Ryan,Rogers,Other,Logistics,"6220 Highland Rd, Bolingbrook, IL 60440",+18476337595,2019-11-24,,E0127
E0417,Justin,Ward,Other,Plant,"1473 Oak Road, Unit 26A, Aurora, IL 60502",+16304094034,2021-05-03,,E0126
E0418,Kenneth,Castillo,Other,Logistics,"9016 Walnut Street, Apt 17, Elgin, IL 60120",(708) 250-3562,2013-05-14,,E0120
E0419,Cynthia,Thompson,Other,Procurement,"4688 Sunset Way, Unit 39A, Elgin, IL 60120",630-793-9274,2010-08-12,,E0121
E0420,Donald,Howard,Other,HR,"7352 Sunset Court, Joliet, IL 60435",(630) 648-9612,2014-05-23,,E0132
E0421,Michelle,Kelly,Other,IT,"4328 Adams Ln, Bolingbrook, IL 60440",3319816159,2021-08-10,,E0126
E0422,Sarah,Nguyen,Other,HR,"2929 Mill Court, Wheaton, IL 60187",+17083441703,2014-05-21,,E0124
E0423,Brian,Wilson,Other,HR,"9224 Birch Way, Aurora, IL 60502",2242786504,2023-01-28,,E0133
E0424,Gregory,Murphy,Other,Maintenance,"5407 Cedar Avenue, Joliet, IL 60435",+12243783378,2009-02-26,,E0126
E0425,Mary,Robinson,Other,IT,"5727 Church Blvd, Aurora, IL 60502",708-567-3596,2014-05-24,,E0125
E0426,Mary,Howard,Other,Plant,"3708 Adams Blvd, Oak Brook, IL 60523",224-227-1414,2011-10-17,,E0132
E0427,Donald,Reed,Other,IT,3713 CHURCH RD SUITE 5B SCHAUMBURG IL 60173,312-641-8125,2018-05-17,,E0130
E0428,Brenda,Fischer,Other,Finance,"4112 Ridge Road, Aurora, IL 60502",(312) 449-4222,2016-07-18,2023-12-26,E0130
E0429,Jessica,Rivera,Other,Maintenance,4384 HIGHLAND BLVD BOLINGBROOK IL 60440,2245573492,2015-12-29,,E0123
E0430,Katherine,Kim,Other,HR,"4054 River St, Aurora, IL 60502",331-320-1209,2023-04-05,,E0121
E0431,Debra,Williams,Other,Quality,701 WALNUT AVE OAK BROOK IL 60523,(312) 270-8166,2010-03-26,,E0123
E0432,Janet,Foster,Other,Maintenance,"5879 Willow Court, Apt 32B, Wheaton, IL 60187",+13126164039,2008-11-15,2024-06-26,E0124
E0433,Ashley,Mendoza,Other,Quality,"1987 Meadow Ln, Bolingbrook, IL 60440",+17082724774,2021-11-11,2023-10-04,E0132
E0434,Eric,Roberts,Other,Quality,"3384 Highland Court, Wheaton, IL 60187",+18476721429,2018-04-20,2024-03-03,E0120
E0435,Melissa,Martin,Other,IT,2869 HIGHLAND WY APT 18B WHEATON IL 60187,630-706-7747,2010-07-27,2023-12-17,E0120
E0436,Michelle,Schmidt,Other,Finance,"4097 Oak Road, Apt 17B, Schaumburg, IL 60173",+16302474667,2019-11-06,,E0129
E0437,Jason,Nelson,Other,Maintenance,9906 CHERRY CT OAK BROOK IL 60523,+13318295492,2008-04-10,,E0127
E0438,John,Wood,Other,Logistics,"5631 Forest Lane, Unit 25, Naperville, IL 60540",224-784-1821,2018-07-21,,E0128
E0439,Alexander,Williams,Other,Quality,6157 DOGWOOD AVE UNIT 39B WHEATON IL 60187,224-386-3214,2016-03-02,,E0123
E0440,Emma,Collins,Other,Quality,1015 WILLOW BLVD SCHAUMBURG IL 60173,847-661-8645,2018-07-19,,E0118
E0441,Paul,Bailey,Other,Finance,"9116 Church Wy, Bolingbrook, IL 60440",(708) 339-8728,2021-11-02,,E0121
E0442,Nancy,Reed,Other,Logistics,"9490 Walnut Ave, Wheaton, IL 60187",2243128853,2012-08-10,,E0118
E0443,Nicholas,Stewart,Other,Plant,"9805 Forest Lane, Elgin, IL 60120",(708) 304-9455,2008-03-31,,E0123
E0444,Mary,Turner,Other,Finance,"7450 Franklin Boulevard, Schaumburg, IL 60173",847-449-5077,2019-11-22,,E0132
E0445,Justin,Torres,Other,HR,"8121 Washington Drive, Schaumburg, IL 60173",847-943-8286,2015-08-24,,E0124
E0446,Kenneth,Mendoza,Other,Maintenance,6546 LINCOLN RD WHEATON IL 60187,847-469-3817,2014-06-17,,E0128
E0447,Melissa,Smith,Other,HR,"6497 Dogwood Drive, Joliet, IL 60435",+18474107072,2012-04-26,,E0130
E0448,Jonathan,Bailey,Other,Quality,"4443 Birch Rd #18A, Bolingbrook, IL 60440",+12245996634,2021-04-26,,E0132
E0449,Melissa,Gray,Other,Logistics,5983 CHERRY ST NAPERVILLE IL 60540,3313574566,2010-04-15,,E0127
E0450,Raymond,Jackson,Other,Finance,"5586 Lake Drive, Elgin, IL 60120",+13312922797,2015-07-04,,E0118
E0451,Sarah,Evans,Other,Plant,"7184 Park Way, Unit 29B, Wheaton, IL 60187",(708) 630-3459,2021-06-18,,E0127
E0452,George,Thomas,Other,Procurement,"5534 Cedar St #22B, Naperville, IL 60540",630-958-3439,2011-01-23,,E0122
E0453,Sharon,Ruiz,Other,Quality,"8070 Church Road, Elgin, IL 60120",2245657103,2018-12-07,2024-11-28,E0133
E0454,Anna,Petrov,Other,IT,3166 OAK BLVD SUITE 28B NAPERVILLE IL 60540,3315973857,2022-02-17,,E0126
E0455,Linda,Edwards,Other,HR,6023 CHESTNUT AVE SCHAUMBURG IL 60173,3123374160,2020-04-13,,E0132
E0456,Benjamin,Adams,Other,Maintenance,3177 OAK AVE BOLINGBROOK IL 60440,3126786399,2013-02-20,,E0124
E0457,Samuel,Williams,Other,Quality,33 FRANKLIN ST ELGIN IL 60120,2245807696,2014-05-04,,E0133
E0458,Edward,Peterson,Other,Maintenance,"3545 Hill Ave, Joliet, IL 60435",(847) 515-6934,2020-09-06,,E0128
E0459,Patricia,Flores,Other,Procurement,"5010 Spring Street, Suite 21A, Bolingbrook, IL 60440",(331) 352-9133,2016-09-25,2024-06-24,E0126
E0460,David,Carter,Other,Procurement,"6788 Union Boulevard, Apt 10B, Wheaton, IL 60187",2242037942,2010-12-15,,E0126
E0461,Robert,Petrov,Other,Procurement,5146 LAKE DR JOLIET IL 60435,8473628679,2010-11-30,,E0127
E0462,Gregory,Robinson,Other,Logistics,897 SUNSET AVE BOLINGBROOK IL 60440,8474334448,2013-04-26,,E0123
E0463,Andrew,Kelly,Other,Plant,"931 Cedar Road, Oak Brook, IL 60523",847-652-8403,2011-12-05,2023-09-17,E0124
E0464,Paul,Jackson,Other,Quality,"4432 Hill Blvd #5B, Oak Brook, IL 60523",+13124232188,2015-04-14,,E0122
E0465,Brandon,Ward,Other,Finance,"5443 Highland Way, Naperville, IL 60540",+16304813803,2014-10-16,,E0130
E0466,Robert,Collins,Other,HR,"8815 Madison Lane, Bolingbrook, IL 60440",(847) 418-7453,2018-03-18,,E0121
E0467,Brenda,Brown,Other,Quality,"2361 Birch Ave, Schaumburg, IL 60173",+12248893098,2018-12-08,,E0125
E0468,William,Stewart,Other,Maintenance,5233 HIGHLAND DR APT 40A BOLINGBROOK IL 60440,+13316207185,2014-05-13,,E0132
E0469,Gregory,Taylor,Other,Plant,"854 Highland Dr #22A, Aurora, IL 60502",+18473562426,2022-03-19,,E0123
E0470,Christine,Sanders,Other,Procurement,3355 MADISON CT AURORA IL 60502,(224) 802-3398,2021-06-17,,E0130
E0471,Helen,Davis,Other,Finance,"8746 Meadow Ln, Bolingbrook, IL 60440",331-238-9580,2012-05-09,,E0123
E0472,Melissa,Cook,Other,Procurement,8974 MILL BLVD SCHAUMBURG IL 60173,(224) 801-3212,2008-06-27,,E0123
E0473,Barbara,Davis,Other,Procurement,"3677 Church Ct, Wheaton, IL 60187",(312) 365-9672,2022-12-06,,E0120
E0474,Donald,Lee,Other,Plant,"1871 Birch Avenue, Unit 25, Naperville, IL 60540",8472646337,2018-07-12,,E0123
E0475,Amanda,Carter,Other,Logistics,"2567 Birch Way, Naperville, IL 60540",+16305419234,2021-11-09,,E0125
E0476,Alexander,Morales,Other,Plant,6036 DOGWOOD WY SUITE 10A OAK BROOK IL 60523,331-722-5203,2015-08-31,,E0127
E0477,Shirley,Bennett,Other,IT,1207 CHESTNUT LN NAPERVILLE IL 60540,+18472962080,2019-01-23,2024-04-01,E0119
E0478,Jeffrey,Mendoza,Other,Logistics,"1835 Dogwood Boulevard, Naperville, IL 60540",3315127096,2023-04-06,,E0125
E0479,Joshua,Thomas,Other,Maintenance,"4981 Sunset St, Wheaton, IL 60187",(630) 298-4411,2014-01-04,,E0121
E0480,Patricia,Morris,Other,HR,"2832 Franklin Way, Suite 35B, Oak Brook, IL 60523",+18473951213,2020-04-21,,E0133
E0481,Alexander,Reyes,Other,Plant,"1779 Hill Boulevard, Naperville, IL 60540",312-326-9461,2015-09-26,,E0122
E0482,Michael,Thomas,Other,Procurement,1372 FRANKLIN AVE SCHAUMBURG IL 60173,331-536-7598,2009-05-03,,E0126
E0483,Michelle,Cox,Other,Finance,"945 Mill Dr, Joliet, IL 60435",3313925750,2009-07-29,,E0118
E0484,Mark,Williams,Other,IT,"1452 Pine Dr, Aurora, IL 60502",+17089226186,2016-01-17,,E0118
E0485,Gregory,Cox,Other,Finance,"8582 Lake Avenue, Suite 26A, Joliet, IL 60435",+18478153430,2018-03-29,,E0126
E0486,Sandra,Mendoza,Other,HR,"1033 Walnut Street, Naperville, IL 60540",+18474963881,2015-08-19,,E0123
E0487,Angela,Green,Other,Finance,"5535 Cedar Boulevard, Elgin, IL 60120",331-431-3730,2015-03-11,,E0122
E0488,Susan,Rogers,Other,HR,"2291 Park Court, Schaumburg, IL 60173",3315809239,2008-12-26,,E0125
E0489,Scott,Peterson,Other,Quality,"4432 Cedar Rd, Wheaton, IL 60187",(224) 808-2094,2021-04-03,,E0121
E0490,John,Watson,Other,Finance,"628 Willow Drive, Schaumburg, IL 60173",+12248615693,2018-09-12,,E0130
E0491,Amy,Sanders,Other,HR,"5307 Chestnut Ct, Aurora, IL 60502",+13124431671,2017-10-06,,E0126
E0492,Ronald,Martinez,Other,IT,"6178 Jefferson Rd #17B, Oak Brook, IL 60523",+13316013329,2020-08-29,,E0132
E0493,Anthony,Novak,Other,IT,4283 FRANKLIN AVE OAK BROOK IL 60523,+17082623865,2009-10-14,,E0129
E0494,John,Jimenez,Other,HR,"519 Franklin Way, Wheaton, IL 60187",(224) 958-6206,2019-03-17,,E0127
E0495,Ronald,Hughes,Other,Procurement,"2128 Chestnut Rd, Naperville, IL 60540",847-744-5053,2013-09-02,,E0125
E0496,Mary,Peterson,Other,Quality,2183 ADAMS ST NAPERVILLE IL 60540,(312) 684-2614,2012-02-14,2025-01-26,E0130
E0497,Elizabeth,Richardson,Other,Procurement,"2537 Spring Street, Naperville, IL 60540",708-514-9647,2014-08-24,,E0132
E0498,Mary,Watson,Other,Maintenance,8185 WILLOW BLVD ELGIN IL 60120,(312) 205-4893,2016-10-21,,E0127
E0499,Amy,Moore,Other,HR,"3983 Cherry St #22, Wheaton, IL 60187",3314034411,2016-04-28,2023-08-02,E0125
E0500,Melissa,Torres,Other,Maintenance,"4063 Park Ave, Naperville, IL 60540",+12242384527,2016-08-05,,E0129
E0501,Kimberly,Garcia,Other,Logistics,"6713 Lincoln Court, Naperville, IL 60540",847-708-9706,2010-07-13,,E0118
E0502,Anna,Mendoza,Other,Finance,"7177 Lincoln Rd, Elgin, IL 60120",(224) 938-7649,2020-09-18,,E0118
E0503,Sandra,Gomez,Other,Plant,"1602 Mill Way, Oak Brook, IL 60523",+16305309050,2012-12-04,,E0126
E0504,Richard,Scott,Other,Maintenance,"9773 Spring Rd, Aurora, IL 60502",6305202022,2015-10-25,,E0130
E0505,Ryan,Brooks,Other,Plant,"3537 Cedar Dr, Schaumburg, IL 60173",(708) 331-3072,2020-12-11,,E0133
E0506,Donald,Roberts,Other,Plant,"5737 Maple Ct, Elgin, IL 60120",+13127414590,2014-12-03,,E0132
E0507,Benjamin,Ortiz,Other,Procurement,"9581 Park Drive, Elgin, IL 60120",708-641-6164,2019-06-16,,E0128
E0508,Alexander,Miller,Other,Procurement,5876 LINCOLN WY AURORA IL 60502,312-276-2264,2017-10-12,,E0123
E0509,Richard,Gray,Other,IT,6556 MILL DR WHEATON IL 60187,+13316306292,2010-06-12,,E0120
E0510,Rachel,Lopez,Other,Finance,"2306 Oak Wy, Wheaton, IL 60187",312-757-2079,2012-10-01,2023-08-21,E0131
E0511,Maria,James,Other,Quality,"7407 Highland Wy, Bolingbrook, IL 60440",2245725279,2017-06-24,,E0124
E0512,Scott,Brown,Other,IT,"7859 Meadow Ave #18B, Joliet, IL 60435",(331) 256-8808,2010-04-06,,E0131
E0513,Anna,Morgan,Other,HR,"9093 Pine Way, Unit 38A, Aurora, IL 60502",7084759309,2017-08-29,,E0119
E0514,Karen,Price,Other,Maintenance,7719 RIDGE LN SCHAUMBURG IL 60173,(630) 254-3994,2016-12-29,,E0133
E0515,Edward,Richardson,Other,Logistics,6933 BIRCH CT APT 5A ELGIN IL 60120,(312) 684-7118,2015-05-22,,E0121
E0516,Melissa,Morgan,Other,Plant,5597 MILL CT ELGIN IL 60120,224-980-5281,2017-11-08,,E0118
E0517,Brandon,Phillips,Other,Finance,"6446 Forest Dr, Elgin, IL 60120",+16308847714,2010-07-20,,E0129
E0518,Melissa,Brown,Other,Procurement,"8355 Adams Rd #22, Naperville, IL 60540",6306607251,2022-12-16,,E0127
E0519,Timothy,Walker,Other,Maintenance,"374 Washington Avenue, Joliet, IL 60435",(847) 336-4456,2015-02-26,,E0128
E0520,Sarah,Mendoza,Other,HR,"4258 Maple Avenue, Suite 26, Oak Brook, IL 60523",847-228-8126,2023-05-22,,E0124
E0521,Steven,Perez,Other,Maintenance,"8466 Pine Boulevard, Joliet, IL 60435",331-582-4441,2012-03-04,,E0133
E0522,Thomas,Cruz,Other,Logistics,9252 JACKSON RD SUITE 22 WHEATON IL 60187,(708) 394-6373,2021-04-23,,E0123
E0523,Jessica,Robinson,Other,Finance,"9282 Cedar Dr #12B, Schaumburg, IL 60173",+13317717115,2016-10-10,,E0131
E0524,Christine,Lee,Other,Logistics,3887 SUNSET AVE BOLINGBROOK IL 60440,(847) 619-3172,2016-02-17,,E0123
E0525,Nancy,Fischer,Other,HR,9741 SUNSET RD UNIT 9B JOLIET IL 60435,+16303046998,2023-01-18,,E0133
E0526,Katherine,Lewis,Other,Quality,"2691 Jefferson Drive, Suite 32B, Schaumburg, IL 60173",+12246567065,2010-06-24,,E0123
E0527,Nancy,Peterson,Other,Plant,"6293 Highland St, Joliet, IL 60435",+13122758350,2015-09-05,,E0131
E0528,Janet,Petrov,Other,Maintenance,"8720 Chestnut Ln, Joliet, IL 60435",224-765-5638,2016-04-09,,E0128
E0529,Brian,Rivera,Other,Logistics,"7724 Oak Court, Naperville, IL 60540",3318587012,2021-06-10,2023-07-27,E0122
E0530,Shirley,Jimenez,Other,Quality,"9276 Church Ave #8B, Naperville, IL 60540",+13317848312,2016-08-08,,E0124
E0531,Samantha,King,Other,Maintenance,"5348 Jackson Blvd, Elgin, IL 60120",224-561-3627,2020-12-30,,E0129
E0532,Richard,Ortiz,Other,Finance,"925 Elm St, Elgin, IL 60120",(331) 449-4552,2011-10-09,,E0125
E0533,Joseph,Garcia,Other,Logistics,4709 HILL RD OAK BROOK IL 60523,3316728222,2009-03-02,,E0123
E0534,Kenneth,Rivera,Other,HR,"9147 Franklin Lane, Unit 5A, Wheaton, IL 60187",(708) 402-7942,2014-04-11,,E0119
E0535,Jason,Rodriguez,Other,HR,6175 CHESTNUT WY SUITE 11B WHEATON IL 60187,(224) 491-9093,2019-08-16,,E0132
E0536,Gary,Sanders,Other,Maintenance,"4979 Willow Blvd, Joliet, IL 60435",(708) 446-9488,2011-07-28,,E0119
E0537,Nicole,Cook,Other,Plant,5049 OAK RD APT 4 OAK BROOK IL 60523,8478973503,2015-11-30,,E0121
E0538,Andrew,Schmidt,Other,Quality,"7687 Hill Boulevard, Aurora, IL 60502",224-431-4669,2014-11-06,,E0120
E0539,Sarah,Jimenez,Other,Maintenance,"8756 Cherry St #1A, Schaumburg, IL 60173",224-979-2478,2010-07-19,2025-03-20,E0131
E0540,Charles,Mendoza,Other,Maintenance,"8778 Ridge Drive, Elgin, IL 60120",331-346-8976,2021-05-16,,E0121
E0541,William,Castillo,Other,Finance,"300 Park Ct, Joliet, IL 60435",+13126928409,2012-07-01,,E0119
E0542,Melissa,Ramos,Other,Plant,3621 CHERRY BLVD JOLIET IL 60435,3318893508,2014-08-12,,E0130
E0543,Laura,Lewis,Other,IT,"8775 Cherry Dr, Joliet, IL 60435",(847) 548-6675,2012-05-09,,E0124
E0544,Timothy,Wilson,Other,Finance,"3546 Dogwood Ct #4A, Elgin, IL 60120",6309408854,2018-05-04,,E0118
E0545,Patrick,Sanchez,Other,Quality,1692 MILL CT UNIT 8B AURORA IL 60502,+16307962681,2014-10-30,,E0126
E0546,Samuel,Howard,Other,Procurement,7352 PINE DR AURORA IL 60502,6306585598,2010-08-24,,E0130
E0547,Frank,Walker,Other,Plant,"1446 Cedar Wy, Schaumburg, IL 60173",3313191300,2012-03-13,,E0122
E0548,James,Miller,Other,Logistics,"889 Forest Street, Unit 12A, Bolingbrook, IL 60440",+13126476373,2015-04-22,,E0124
E0549,Anna,Cooper,Other,Finance,3428 FRANKLIN AVE BOLINGBROOK IL 60440,(708) 905-1242,2015-10-30,,E0123
E0550,Deborah,Perez,Other,Maintenance,"1728 Elm Lane, Naperville, IL 60540",(331) 434-4737,2016-10-03,2023-08-19,E0119
E0551,Helen,Ruiz,Other,Finance,"1027 Madison Court, Bolingbrook, IL 60440",3312111347,2009-02-23,,E0122
E0552,Nancy,Cooper,Other,Maintenance,2027 FOREST CT SCHAUMBURG IL 60173,+16308416464,2019-03-01,,E0120
E0553,Sarah,Ramirez,Other,Procurement,"152 Jackson Boulevard, Schaumburg, IL 60173",312-795-5820,2014-09-04,,E0131
E0554,Stephanie,Rogers,Other,HR,7625 ELM LN ELGIN IL 60120,3127479112,2014-11-18,,E0119
E0555,Susan,Cruz,Other,IT,"439 Forest Rd, Schaumburg, IL 60173",+18475632890,2011-04-02,,E0129
E0556,Michelle,Gomez,Other,Logistics,"3182 Spring St, Naperville, IL 60540",+12249357190,2012-07-17,,E0122
E0557,Justin,Jimenez,Other,Procurement,"5636 Dogwood Street, Joliet, IL 60435",+16305718368,2011-01-11,,E0120
E0558,Brian,Gomez,Other,Quality,"5371 Hill Blvd, Joliet, IL 60435",+12243026301,2008-05-13,,E0133
E0559,Rachel,Ruiz,Other,Maintenance,1503 FOREST LN SCHAUMBURG IL 60173,+13126656856,2017-01-04,,E0120
E0560,Shirley,Kowalski,Other,Maintenance,"5610 Ridge St, Aurora, IL 60502",+18479468452,2021-04-18,,E0121
E0561,Larry,Castillo,Other,Maintenance,"5515 Jackson Avenue, Suite 6, Elgin, IL 60120",(630) 892-7764,2011-02-26,2024-05-31,E0131
E0562,Katherine,Hill,Other,Finance,"2993 Spring Avenue, Apt 27, Wheaton, IL 60187",224-846-3895,2010-07-05,,E0123
E0563,Carol,Morales,Other,Maintenance,2382 CHERRY LN APT 18 JOLIET IL 60435,847-944-9115,2017-04-24,,E0128
E0564,Sarah,Campbell,Other,Quality,"5666 Washington Dr, Bolingbrook, IL 60440",312-741-7589,2017-01-18,,E0123
E0565,Betty,Davis,Other,Logistics,"5176 Walnut Dr #15, Wheaton, IL 60187",331-708-1350,2009-01-26,,E0127
E0566,Joseph,Rogers,Other,HR,"1526 Sunset Court, Schaumburg, IL 60173",7082297442,2021-03-11,,E0120
E0567,Deborah,Watson,Other,Maintenance,"7338 Jefferson Court, Bolingbrook, IL 60440",(312) 753-4087,2019-01-22,,E0121
E0568,Susan,Watson,Other,Quality,"1324 Washington Court, Bolingbrook, IL 60440",224-642-7323,2016-08-07,,E0126
E0569,Rebecca,Brown,Other,Plant,"8924 Adams Boulevard, Aurora, IL 60502",3124743711,2020-08-18,,E0123
E0570,Nicole,Martinez,Other,Logistics,8990 BIRCH DR SUITE 19 AURORA IL 60502,(224) 555-2263,2017-02-04,,E0126
E0571,Benjamin,Sanchez,Other,Maintenance,704 MAPLE LN BOLINGBROOK IL 60440,(331) 608-5987,2014-10-01,,E0118
E0572,Patricia,Rodriguez,Other,Quality,9008 PINE RD SCHAUMBURG IL 60173,847-282-6308,2019-09-20,,E0127
E0573,Donald,Ramos,Other,Plant,"4193 Willow Road, Suite 21A, Joliet, IL 60435",+18472278924,2020-12-28,,E0120
E0574,Matthew,Sanchez,Other,HR,8262 UNION AVE OAK BROOK IL 60523,708-381-9233,2013-10-21,,E0129
E0575,Andrew,Williams,Other,Procurement,4650 HIGHLAND WY NAPERVILLE IL 60540,8473344886,2011-10-09,,E0124
E0576,Michelle,Miller,Other,Maintenance,2062 HIGHLAND WY BOLINGBROOK IL 60440,(847) 959-1779,2016-06-01,,E0122
E0577,Emma,Alvarez,Other,Finance,"2883 Franklin Ct, Oak Brook, IL 60523",2248282998,2012-01-29,,E0122
E0578,David,Gomez,Other,Logistics,"8397 Walnut Lane, Bolingbrook, IL 60440",(312) 952-4362,2011-02-23,,E0131
E0579,Patrick,Gutierrez,Other,Maintenance,"2665 Union Avenue, Unit 16A, Oak Brook, IL 60523",331-436-1429,2008-11-17,2025-04-30,E0131
E0580,William,Young,Other,IT,"7058 Pine Lane, Unit 23, Schaumburg, IL 60173",+18476339262,2016-12-06,,E0118
E0581,Steven,Jackson,Other,HR,"7898 Walnut Court, Schaumburg, IL 60173",(224) 629-8722,2010-03-23,,E0128
E0582,Timothy,Schmidt,Other,Maintenance,"6319 Lincoln Avenue, Aurora, IL 60502",+18478577548,2009-05-13,,E0132
E0583,Katherine,Martinez,Other,HR,"2184 Elm Court, Joliet, IL 60435",630-383-1996,2016-11-01,,E0123
E0584,Kimberly,Thompson,Other,Logistics,"7031 Spring Avenue, Schaumburg, IL 60173",7084796363,2012-10-20,,E0127
E0585,Robert,Rivera,Other,Maintenance,"6319 Jackson Ln #18, Oak Brook, IL 60523",224-487-2141,2015-01-22,2024-09-14,E0126
E0586,Susan,Patel,Other,Quality,"4961 Lincoln Blvd, Naperville, IL 60540",(847) 517-7866,2021-03-12,,E0127
E0587,Laura,Reyes,Other,IT,"2808 Mill Boulevard, Apt 12B, Joliet, IL 60435",(312) 962-4588,2017-07-29,2024-09-20,E0127
E0588,Stephen,Brown,Other,Procurement,"6935 Highland Boulevard, Aurora, IL 60502",3129417530,2019-08-23,,E0129
E0589,Susan,Walker,Other,HR,"8134 Adams Dr, Oak Brook, IL 60523",3122148623,2008-10-30,,E0119
E0590,Brian,Novak,Other,Procurement,"1049 Forest Way, Joliet, IL 60435",+13312729982,2014-05-26,,E0130
E0591,Jason,Gray,Other,Logistics,7398 HILL BLVD BOLINGBROOK IL 60440,(312) 867-5725,2009-09-17,,E0133
E0592,Edward,Castillo,Other,Quality,"5587 Birch Blvd, Naperville, IL 60540",630-877-4171,2018-07-12,,E0131
E0593,David,Jimenez,Other,IT,"7440 Mill Drive, Oak Brook, IL 60523",+12244364607,2014-04-24,,E0130
E0594,Ronald,Gray,Other,HR,"2443 Oak Wy, Aurora, IL 60502",(312) 581-4987,2013-06-24,,E0122
E0595,Kathleen,Lopez,Other,IT,"2772 Washington Ct #32A, Bolingbrook, IL 60440",7083349577,2021-11-20,,E0126
E0596,Nicholas,Torres,Other,Logistics,7229 SPRING DR UNIT 24 SCHAUMBURG IL 60173,+13129698927,2009-02-19,,E0121
E0597,Jonathan,Morgan,Other,IT,"1432 Madison Wy, Oak Brook, IL 60523",+18473271604,2016-09-06,,E0125
E0598,Mark,Clark,Other,Quality,"5616 Dogwood Ln, Oak Brook, IL 60523",708-853-6157,2009-04-19,2025-05-18,E0130
E0599,Lisa,Price,Other,Procurement,"7179 Forest Street, Naperville, IL 60540",847-984-6432,2020-09-27,,E0132
E0600,Maria,Lopez,Other,HR,"6249 Walnut Road, Oak Brook, IL 60523",630-688-1499,2009-05-10,,E0118
E0601,Kenneth,Ward,Other,HR,"999 Ridge Drive, Joliet, IL 60435",312-749-1142,2019-02-06,,E0127
E0602,Michael,Wright,Other,Plant,"3807 Highland Ln, Elgin, IL 60120",8472744494,2014-08-13,,E0118
E0603,Pamela,Sanchez,Other,IT,"2344 Cherry Road, Apt 25A, Schaumburg, IL 60173",630-277-7202,2018-09-23,,E0130
E0604,Justin,Sanchez,Other,Logistics,"7873 Washington Court, Joliet, IL 60435",+12242076710,2021-12-01,,E0133
E0605,Larry,Parker,Other,Quality,"6699 Dogwood Boulevard, Oak Brook, IL 60523",6303288302,2022-05-18,,E0130
E0606,Katherine,Richardson,Other,Quality,"6044 Washington Boulevard, Joliet, IL 60435",(847) 829-9923,2017-05-24,,E0133
E0607,Timothy,Cook,Other,Finance,"1756 Franklin Boulevard, Apt 30A, Oak Brook, IL 60523",847-710-4028,2008-08-25,2024-03-12,E0124
E0608,Carolyn,Hernandez,Other,Logistics,5601 CHERRY BLVD SUITE 40B NAPERVILLE IL 60540,7088926061,2013-03-19,,E0127
E0609,Laura,Ward,Other,Maintenance,6718 MAPLE RD ELGIN IL 60120,224-921-5146,2008-03-31,,E0124
E0610,Chris,Peterson,Other,Quality,9733 UNION LN OAK BROOK IL 60523,+13123685236,2020-09-23,,E0121
E0611,George,Harris,Other,Quality,"2880 Cherry Ln #23, Oak Brook, IL 60523",6305299485,2013-03-21,2024-10-02,E0131
E0612,Lisa,Perez,Other,HR,"451 Pine Court, Oak Brook, IL 60523",(331) 218-7299,2011-03-13,,E0131
E0613,Nancy,Reyes,Other,Maintenance,"7527 Willow Boulevard, Apt 28, Oak Brook, IL 60523",331-787-3837,2010-10-24,,E0125
E0614,Christine,Patel,Other,Quality,4876 PARK LN BOLINGBROOK IL 60440,3317521518,2014-06-02,2023-05-20,E0128
E0615,Alexander,Nguyen,Other,HR,"9571 Church Dr #2, Oak Brook, IL 60523",+16303865775,2013-07-31,,E0132
E0616,Paul,Wright,Other,Quality,"1542 Lake Ct, Bolingbrook, IL 60440",(630) 476-8484,2021-10-29,,E0124
E0617,Benjamin,Howard,Other,Quality,1749 BIRCH DR SUITE 30A BOLINGBROOK IL 60440,224-721-9748,2012-01-17,,E0125
E0618,Maria,Price,Other,HR,"7940 Highland Avenue, Suite 18B, Oak Brook, IL 60523",7087411534,2022-06-11,,E0119
E0619,Alexander,Thomas,Other,IT,"7286 Jefferson Blvd, Schaumburg, IL 60173",+13129265887,2010-05-10,,E0123
E0620,Nancy,Clark,Other,Maintenance,"4489 Birch Ct, Wheaton, IL 60187",847-567-3434,2022-10-02,,E0119
E0621,Susan,Jones,Other,Finance,"3773 Hill Ct #5, Wheaton, IL 60187",(708) 446-1475,2022-06-11,2023-04-28,E0132
E0622,Linda,Morris,Other,Quality,"2476 Lincoln Ln, Naperville, IL 60540",(312) 490-2842,2017-03-20,,E0126
E0623,Betty,Bailey,Other,IT,"7082 Forest Dr, Joliet, IL 60435",331-567-6707,2015-07-27,2024-04-30,E0119
E0624,Rebecca,Carter,Other,Maintenance,"3794 Adams Rd, Oak Brook, IL 60523",6303147584,2018-07-07,,E0122
E0625,Sandra,Thompson,Other,Maintenance,"2746 Park Way, Bolingbrook, IL 60440",+12246848641,2012-07-26,,E0129
E0626,Robert,Sanchez,Other,Maintenance,"3439 Chestnut Boulevard, Oak Brook, IL 60523",3123469643,2012-08-03,,E0123
E0627,Mark,Flores,Other,Plant,"7171 Madison Dr, Wheaton, IL 60187",312-514-1440,2018-07-24,,E0119
E0628,Scott,Taylor,Other,Logistics,1436 MAPLE CT UNIT 7A SCHAUMBURG IL 60173,630-262-8217,2008-05-20,,E0131
E0629,Carolyn,Lee,Other,Finance,"3261 Walnut Ave, Bolingbrook, IL 60440",+17083536817,2018-01-25,,E0132
E0630,Jason,Stewart,Other,Quality,"8224 Willow St, Naperville, IL 60540",+12242291761,2017-04-21,,E0128
E0631,Gregory,Allen,Other,Logistics,"5247 Church Ln #13, Naperville, IL 60540",8479633091,2015-03-12,,E0124
E0632,Kevin,Watson,Other,IT,"4208 Willow Wy #6B, Bolingbrook, IL 60440",+13317902488,2020-06-08,,E0130
E0633,Steven,Kelly,Other,Finance,1247 ADAMS AVE JOLIET IL 60435,+13122276424,2020-06-06,,E0121
E0634,Charles,Baker,Other,Plant,"9257 Elm Wy, Wheaton, IL 60187",847-811-4028,2022-11-30,,E0129
E0635,Eric,Sanders,Other,IT,"8331 Chestnut Wy #4A, Naperville, IL 60540",(312) 668-1819,2021-06-10,,E0131
E0636,Brandon,Gomez,Other,Quality,9502 SPRING AVE SCHAUMBURG IL 60173,(312) 663-7014,2019-01-26,,E0133
E0637,Elizabeth,Watson,Other,Quality,"584 Jefferson Ave #38, Wheaton, IL 60187",3124164696,2022-01-11,,E0129
E0638,Patrick,Ross,Other,Plant,8914 RIDGE ST SUITE 12A SCHAUMBURG IL 60173,(847) 770-1093,2008-01-18,,E0131
E0639,Deborah,Gomez,Other,Plant,"3868 Church Blvd #30A, Aurora, IL 60502",+18477221319,2020-03-07,,E0126
E0640,Donna,Watson,Other,Finance,"5594 Dogwood Rd, Schaumburg, IL 60173",+12249937822,2019-10-01,,E0132
E0641,Timothy,Alvarez,Other,HR,"2492 Cherry Rd, Aurora, IL 60502",+13128784774,2012-05-24,,E0122
E0642,Cynthia,Wright,Other,Logistics,"3594 Jefferson Rd, Schaumburg, IL 60173",2249558225,2020-03-14,,E0126
E0643,David,Mitchell,Other,Plant,"7058 Birch Ct, Naperville, IL 60540",630-731-7108,2015-09-17,,E0131
E0644,Ashley,Nguyen,Other,Finance,9494 CHURCH DR BOLINGBROOK IL 60440,(630) 745-4475,2023-05-05,,E0132
E0645,Raymond,Kim,Other,Procurement,"3884 Sunset Boulevard, Oak Brook, IL 60523",3125872218,2008-09-13,,E0118
E0646,Jessica,Cook,Other,Finance,"1423 Maple Lane, Naperville, IL 60540",630-823-3150,2020-11-02,,E0127
E0647,Elizabeth,Thompson,Other,Procurement,2527 MAPLE AVE UNIT 31A NAPERVILLE IL 60540,3314963738,2016-11-29,,E0132
E0648,Stephen,Lewis,Other,IT,8789 WASHINGTON WY SUITE 31 WHEATON IL 60187,708-573-3848,2015-05-29,,E0129
E0649,Joshua,Fischer,Other,Procurement,5179 ADAMS CT APT 17 WHEATON IL 60187,(331) 527-3200,2021-06-25,,E0128
E0650,Amy,Turner,Other,Logistics,"5237 Adams Ave #6, Schaumburg, IL 60173",708-821-7174,2013-06-12,,E0123
E0651,Linda,Wright,Other,Finance,1243 ELM AVE APT 27A AURORA IL 60502,312-238-7133,2022-04-20,,E0132
E0652,Jonathan,Lee,Other,Plant,3527 ADAMS AVE SUITE 9B OAK BROOK IL 60523,7083037479,2012-01-13,2023-07-27,E0129
E0653,Donna,Morales,Other,Procurement,6895 ELM AVE NAPERVILLE IL 60540,708-581-2112,2018-02-13,,E0119
E0654,Helen,Sanders,Other,HR,"9837 Union Ave #8A, Oak Brook, IL 60523",(312) 896-3808,2013-12-10,,E0124
E0655,Donna,Lopez,Other,Maintenance,8457 CHESTNUT DR AURORA IL 60502,+16309738339,2020-03-15,2024-07-03,E0122
E0656,Mark,Rodriguez,Other,Plant,2338 SPRING AVE UNIT 25B JOLIET IL 60435,6309362425,2012-09-14,,E0122
E0657,Nancy,Jones,Other,Quality,"458 Jackson Street, Unit 23, Oak Brook, IL 60523",(630) 217-4236,2014-12-11,,E0118
E0658,Nicholas,Garcia,Other,HR,"9937 Mill Boulevard, Joliet, IL 60435",+12243068805,2013-04-14,,E0123
E0659,Matthew,White,Other,IT,"9037 Oak Ave, Joliet, IL 60435",331-285-1774,2021-02-22,,E0122
E0660,Chris,Cox,Other,Maintenance,"9004 Spring Ln, Wheaton, IL 60187",+13319335325,2009-03-15,,E0129
E0661,Melissa,Thompson,Other,Finance,"8137 Franklin Avenue, Oak Brook, IL 60523",6309404747,2008-11-06,,E0129
E0662,Melissa,Williams,Other,Procurement,"8598 Hill Boulevard, Bolingbrook, IL 60440",7085666121,2020-07-15,,E0121
E0663,Nicole,Harris,Other,IT,"8694 Cherry Court, Oak Brook, IL 60523",312-831-7160,2017-12-22,,E0120
E0664,Jonathan,Ramos,Other,Maintenance,2135 MILL AVE APT 17B NAPERVILLE IL 60540,630-719-4444,2008-07-22,,E0122
E0665,Frank,Mendoza,Other,Procurement,4281 PINE DR APT 1 WHEATON IL 60187,+17088537896,2012-05-25,,E0130
E0666,Christine,King,Other,Plant,819 LAKE AVE APT 21 OAK BROOK IL 60523,+17088458387,2020-03-22,,E0129
E0667,Sandra,Clark,Other,Logistics,"6526 Highland Blvd, Joliet, IL 60435",331-645-8916,2012-11-22,,E0129
E0668,Nicholas,Wright,Other,Logistics,"9088 Pine Dr #25B, Aurora, IL 60502",+17085356134,2012-01-08,,E0131
E0669,Alexander,Flores,Other,Quality,2806 CHURCH LN APT 7B OAK BROOK IL 60523,(312) 798-1977,2014-09-08,,E0129
E0670,Mark,James,Other,Plant,"4255 Cherry Rd, Wheaton, IL 60187",8474269638,2009-06-18,,E0119
E0671,Timothy,Morales,Other,IT,7843 WASHINGTON CT NAPERVILLE IL 60540,331-985-6868,2012-02-17,,E0126
E0672,Maria,Rodriguez,Other,Procurement,437 FRANKLIN AVE UNIT 5B ELGIN IL 60120,630-295-7643,2022-05-15,,E0119
E0673,Pamela,Mendoza,Other,IT,3975 RIVER LN BOLINGBROOK IL 60440,+13314009789,2020-07-22,,E0131
E0674,Thomas,Castillo,Other,Plant,5199 MADISON DR OAK BROOK IL 60523,3314444845,2010-12-05,,E0128
E0675,Brenda,Bennett,Other,IT,"4794 Jefferson Dr #37A, Joliet, IL 60435",2242808789,2011-04-02,,E0124
E0676,Sandra,Taylor,Other,HR,8097 OAK RD OAK BROOK IL 60523,(331) 822-3932,2021-09-02,2024-07-13,E0125
E0677,Melissa,Patel,Other,Quality,"1196 Highland Drive, Apt 39B, Elgin, IL 60120",6303089713,2018-05-10,,E0133
E0678,Amy,Scott,Other,Finance,"2608 Forest Dr, Joliet, IL 60435",(630) 248-2142,2016-03-11,,E0120
E0679,Donna,Adams,Other,Procurement,9673 RIVER WY SUITE 2A WHEATON IL 60187,7087268159,2011-04-08,,E0126
E0680,Jennifer,Parker,Other,Logistics,9843 LINCOLN CT BOLINGBROOK IL 60440,7088151389,2014-01-22,,E0130
E0681,Scott,Ramos,Other,IT,2393 JEFFERSON DR UNIT 16B WHEATON IL 60187,(630) 808-3597,2019-12-15,,E0130
E0682,Paul,Alvarez,Other,Plant,"97 Oak Court, Aurora, IL 60502",331-830-4776,2008-05-23,,E0120
E0683,Kenneth,Smith,Other,Plant,1378 ELM BLVD UNIT 17B WHEATON IL 60187,2244871528,2014-02-20,,E0123
E0684,George,Young,Other,Quality,"1593 Forest Ct #39A, Bolingbrook, IL 60440",+16307018090,2020-11-24,,E0126
E0685,Cynthia,Cruz,Other,Quality,1895 CHERRY WY SCHAUMBURG IL 60173,+16307881350,2017-08-16,,E0132
E0686,Kenneth,Garcia,Other,IT,"1359 Church Drive, Unit 22B, Elgin, IL 60120",2249238305,2008-11-01,,E0127
E0687,Alexander,Gutierrez,Other,HR,"3950 Walnut Rd, Bolingbrook, IL 60440",+13127738132,2013-12-03,,E0124
E0688,Stephen,Phillips,Other,Maintenance,"9278 Walnut Rd, Aurora, IL 60502",(708) 772-7539,2010-10-08,,E0132
E0689,Chris,Thomas,Other,Plant,"9091 Jackson Avenue, Bolingbrook, IL 60440",(224) 246-8904,2019-03-27,,E0129
E0690,Lisa,Harris,Other,Procurement,"807 Cedar Road, Joliet, IL 60435",+17082698115,2010-12-31,,E0128
E0691,Janet,Patel,Other,Quality,"782 Union Drive, Joliet, IL 60435",630-956-8741,2015-03-30,,E0122
E0692,Patrick,Allen,Other,IT,7916 ADAMS WY OAK BROOK IL 60523,+13128731566,2022-12-22,,E0129
E0693,Edward,Morales,Other,IT,"5894 Dogwood Drive, Apt 14B, Naperville, IL 60540",847-959-7430,2011-09-26,,E0125
E0694,Emma,Kim,Other,Finance,6662 CHESTNUT RD WHEATON IL 60187,847-398-9755,2022-05-22,,E0120
E0695,James,Thompson,Other,Finance,"6106 Meadow Avenue, Oak Brook, IL 60523",(312) 847-2631,2008-08-21,,E0133
E0696,Mark,Watson,Other,HR,"2988 Pine Road, Oak Brook, IL 60523",+18479881764,2010-01-26,,E0129
E0697,Barbara,Cox,Other,Procurement,6171 OAK ST UNIT 24 OAK BROOK IL 60523,(630) 512-8685,2014-08-29,,E0132
E0698,Daniel,Green,Other,IT,9155 CHESTNUT RD BOLINGBROOK IL 60440,331-947-3189,2021-01-16,,E0126
E0699,Nicholas,Price,Other,Plant,"2797 Spring Dr #17B, Wheaton, IL 60187",3312851118,2016-09-20,2024-10-25,E0123
E0700,Raymond,Long,Other,Plant,"1069 Highland Wy, Oak Brook, IL 60523",(312) 721-7315,2020-09-07,2024-09-21,E0118
E0701,Anna,Hill,Other,Maintenance,"1842 Lincoln St, Bolingbrook, IL 60440",331-915-7391,2016-05-11,,E0126
E0702,Elizabeth,Gomez,Other,IT,1763 FRANKLIN AVE APT 40A AURORA IL 60502,2248464557,2016-05-28,,E0127
E0703,Donald,Morris,Other,Quality,600 CHESTNUT AVE OAK BROOK IL 60523,3125963049,2023-05-31,,E0124
E0704,Eric,Martin,Other,Quality,"7929 Jackson St #4A, Elgin, IL 60120",(331) 708-1529,2012-04-28,,E0126
E0705,James,Mendoza,Other,HR,3689 UNION RD APT 17A AURORA IL 60502,+13128531141,2010-03-27,,E0133
E0706,Raymond,Turner,Other,IT,"806 Franklin Way, Oak Brook, IL 60523",847-772-8706,2009-09-15,,E0132
E0707,Raymond,Reed,Other,Maintenance,3638 HILL BLVD APT 35 BOLINGBROOK IL 60440,847-972-3250,2012-07-07,,E0131
E0708,Elizabeth,Williams,Other,Plant,"9454 River Road, Schaumburg, IL 60173",331-301-9812,2016-11-13,,E0132
E0709,Kenneth,Foster,Other,Procurement,8823 CHERRY RD ELGIN IL 60120,312-684-2704,2021-08-14,2024-09-08,E0133
E0710,Maria,Carter,Other,Procurement,"5889 Franklin Avenue, Suite 15, Wheaton, IL 60187",+12248812541,2020-07-27,,E0124
E0711,Linda,Ward,Other,Procurement,"840 Park Drive, Unit 37, Aurora, IL 60502",3126506903,2016-06-21,,E0120
E0712,Raymond,Campbell,Other,Maintenance,"2330 River Rd, Oak Brook, IL 60523",+17084579405,2019-06-19,,E0123
E0713,Pamela,Wright,Other,Logistics,"7269 Maple Ln, Aurora, IL 60502",7087895161,2020-01-13,,E0123
E0714,Edward,Campbell,Other,Plant,"3035 Cherry Ct, Oak Brook, IL 60523",(847) 463-6857,2011-04-15,,E0125
E0715,Eric,Sanchez,Other,Procurement,2205 PINE BLVD BOLINGBROOK IL 60440,(224) 350-5311,2011-05-08,2025-01-31,E0133
E0716,Kimberly,Novak,Other,Plant,"3412 Hill Blvd #3A, Aurora, IL 60502",8478731168,2014-11-29,,E0131
E0717,Anna,Walker,Other,IT,"2477 Mill Court, Oak Brook, IL 60523",(847) 812-5740,2016-12-26,,E0132
E0718,George,Lee,Other,HR,"99 Willow St, Aurora, IL 60502",3313189279,2020-05-01,2023-06-05,E0131
E0719,Robert,Hill,Other,Procurement,"4381 Chestnut Way, Oak Brook, IL 60523",(312) 616-4702,2020-05-28,,E0130
E0720,Michael,Baker,Other,Plant,7815 FOREST BLVD WHEATON IL 60187,6304396941,2013-10-24,,E0127
E0721,Michael,Collins,Other,Procurement,"2817 Dogwood Blvd, Naperville, IL 60540",331-593-8851,2012-09-16,,E0126
E0722,Anthony,Martinez,Other,Quality,4081 LINCOLN DR NAPERVILLE IL 60540,+13123067904,2012-10-08,,E0124
E0723,Linda,Anderson,Other,Procurement,"7934 Park Drive, Oak Brook, IL 60523",+12243665317,2009-07-29,,E0122
E0724,Sarah,Hill,Other,Finance,"3056 Madison Blvd #30A, Wheaton, IL 60187",7084187112,2011-01-27,,E0123
E0725,Donald,Smith,Other,IT,"4891 Meadow Ct, Bolingbrook, IL 60440",+16303881727,2020-09-23,,E0125
E0726,Joshua,Petrov,Other,Logistics,"6831 Meadow Road, Elgin, IL 60120",8476833853,2015-06-18,,E0126
E0727,Emma,Walker,Other,Logistics,1496 ELM DR NAPERVILLE IL 60540,331-544-2040,2010-02-28,2024-07-17,E0129
E0728,Emma,Gutierrez,Other,Logistics,"2489 Forest Wy #14A, Bolingbrook, IL 60440",+18474013272,2020-12-26,,E0132
E0729,James,Williams,Other,HR,5752 OAK CT JOLIET IL 60435,2242633085,2014-10-14,,E0131
E0730,Gary,Clark,Other,Finance,5928 WALNUT BLVD AURORA IL 60502,(331) 976-7187,2022-12-09,,E0118
E0731,Sandra,Perez,Other,HR,"6733 Sunset Blvd, Bolingbrook, IL 60440",(630) 370-1097,2019-09-22,,E0129
E0732,Linda,Johnson,Other,HR,4381 JACKSON AVE BOLINGBROOK IL 60440,708-428-2715,2019-01-09,,E0125
E0733,Daniel,Phillips,Other,Logistics,2565 WASHINGTON DR SCHAUMBURG IL 60173,630-474-5026,2014-03-20,2023-06-07,E0123
E0734,Jennifer,Chavez,Other,Procurement,"9198 Pine Road, Naperville, IL 60540",3127801908,2017-06-07,,E0122
E0735,James,Nelson,Other,Maintenance,2757 OAK WY BOLINGBROOK IL 60440,312-453-2973,2020-09-01,,E0125
E0736,Deborah,Myers,Other,IT,"3977 Maple Boulevard, Elgin, IL 60120",3126225891,2014-11-16,,E0126
E0737,Mary,Ross,Other,Plant,"2123 Cedar Street, Bolingbrook, IL 60440",(847) 769-3685,2014-12-09,,E0119
E0738,Andrew,Howard,Other,Quality,801 CHERRY CT OAK BROOK IL 60523,6308781109,2018-06-06,,E0130
E0739,Susan,Long,Other,Quality,"4076 Elm Boulevard, Unit 5B, Naperville, IL 60540",+12246044910,2018-03-19,,E0127
E0740,Pamela,Chavez,Other,Quality,6368 PARK ST UNIT 26 SCHAUMBURG IL 60173,7087468467,2014-12-21,,E0124
E0741,Sharon,Collins,Other,Quality,"1398 Elm Road, Naperville, IL 60540",+12242975278,2018-08-09,,E0126
E0742,Patrick,Rivera,Other,Plant,7952 CEDAR RD APT 36A ELGIN IL 60120,+13316262486,2021-07-25,,E0128
E0743,Emily,Petrov,Other,Logistics,"9811 Adams St, Bolingbrook, IL 60440",312-651-9358,2022-04-05,,E0132
E0744,Donald,Gomez,Other,Procurement,"8755 Ridge Boulevard, Oak Brook, IL 60523",847-425-1221,2008-12-25,,E0127
E0745,Nancy,Mitchell,Other,Quality,8891 SPRING BLVD ELGIN IL 60120,3318315982,2021-06-21,,E0123
E0746,Robert,Watson,Other,IT,3243 WILLOW DR OAK BROOK IL 60523,(847) 932-6498,2016-11-12,,E0120
E0747,Eric,Green,Other,Maintenance,2759 MADISON BLVD AURORA IL 60502,(708) 680-9872,2011-06-08,,E0124
E0748,Katherine,Bennett,Other,Maintenance,3588 LINCOLN ST BOLINGBROOK IL 60440,224-814-1851,2019-12-15,,E0124
E0749,Betty,Jimenez,Other,Maintenance,"5127 Park Dr #9B, Wheaton, IL 60187",224-801-1502,2013-05-23,,E0133
E0750,Amanda,Ramirez,Other,HR,"8375 Willow Court, Bolingbrook, IL 60440",847-437-9931,2022-11-09,,E0130
E0751,Kevin,Ross,Other,Quality,"2397 Cedar Court, Joliet, IL 60435",3122448076,2012-08-23,,E0121
E0752,Kathleen,Thompson,Other,Logistics,"8260 Lincoln Road, Joliet, IL 60435",+18473677008,2012-12-20,,E0131
E0753,Betty,Rogers,Other,Logistics,"1054 Washington Road, Unit 29A, Naperville, IL 60540",847-309-6844,2012-04-22,,E0120
E0754,Carolyn,Bailey,Other,HR,657 JACKSON BLVD BOLINGBROOK IL 60440,(708) 861-4735,2020-03-11,,E0130
E0755,Timothy,Collins,Other,Logistics,"1646 Pine Court, Unit 13, Aurora, IL 60502",+12242236499,2010-04-18,,E0131
E0756,Alexander,Patel,Other,HR,"6510 Lake Ln, Bolingbrook, IL 60440",(312) 909-6020,2010-10-25,,E0125
E0757,Angela,Roberts,Other,Quality,1500 LINCOLN LN APT 22A SCHAUMBURG IL 60173,2249061313,2010-06-16,,E0129
E0758,Nicholas,Hall,Other,Maintenance,"3196 Pine Court, Bolingbrook, IL 60440",+16306095974,2017-11-29,,E0132
E0759,Lisa,Morgan,Other,Quality,"4816 Hill Rd #28A, Wheaton, IL 60187",(630) 224-2260,2010-08-05,2025-04-06,E0128
E0760,Alexander,Sanchez,Other,Finance,2580 LAKE RD AURORA IL 60502,630-596-6414,2013-01-12,,E0122
E0761,Matthew,Petrov,Other,Finance,"3814 Adams St, Elgin, IL 60120",+18473855891,2018-12-02,,E0122
E0762,Helen,Ortiz,Other,IT,"3242 Birch Ct #13A, Bolingbrook, IL 60440",224-941-7280,2015-12-20,,E0129
E0763,Anna,Murphy,Other,Procurement,"3714 Highland Ct #14B, Elgin, IL 60120",630-728-4075,2023-05-13,,E0130
E0764,Samuel,Hernandez,Other,Quality,"5682 Cherry Court, Apt 9B, Aurora, IL 60502",(312) 409-2480,2019-05-03,,E0133
E0765,Betty,Green,Other,Finance,"8545 Sunset Dr #23, Schaumburg, IL 60173",(847) 884-3497,2017-11-20,,E0118
E0766,Samuel,Alvarez,Other,HR,"7706 Union Street, Apt 15B, Naperville, IL 60540",630-459-6785,2015-12-07,,E0132
E0767,Linda,James,Other,Maintenance,"6532 Chestnut Rd, Wheaton, IL 60187",7082951530,2017-01-23,2024-04-02,E0133
E0768,Thomas,Reed,Other,Logistics,"7804 Chestnut Blvd #23, Oak Brook, IL 60523",331-837-2326,2014-04-20,,E0120
E0769,Donna,Taylor,Other,Finance,"722 Mill Avenue, Joliet, IL 60435",331-335-2095,2017-11-29,,E0129
E0770,Benjamin,Stewart,Other,Procurement,"906 Dogwood Ave #30B, Aurora, IL 60502",708-789-3817,2012-06-07,,E0118
E0771,Rachel,Robinson,Other,Procurement,747 LAKE AVE UNIT 30 AURORA IL 60502,708-346-7604,2021-08-15,,E0131
E0772,Maria,Walker,Other,Maintenance,"4370 Dogwood Court, Schaumburg, IL 60173",+13123349595,2022-10-19,,E0123
E0773,Linda,Walker,Other,HR,"3193 Maple Road, Aurora, IL 60502",6304985672,2018-02-28,,E0125
E0774,Amy,Gonzalez,Other,HR,1468 LAKE ST OAK BROOK IL 60523,3124288465,2019-10-17,,E0130
E0775,Matthew,Garcia,Other,Procurement,7532 CHESTNUT DR BOLINGBROOK IL 60440,3313731683,2008-06-27,,E0129
E0776,John,Murphy,Other,Procurement,"1784 Lincoln Ave, Aurora, IL 60502",3319866505,2009-03-02,,E0130
E0777,James,Petrov,Other,Logistics,"9496 Lake Ln #32, Naperville, IL 60540",312-995-3399,2021-01-15,,E0125
E0778,Larry,Petrov,Other,Procurement,"1128 Dogwood Drive, Bolingbrook, IL 60440",+16303626963,2009-06-03,,E0132
E0779,Nicole,Gonzalez,Other,Quality,4255 CHURCH WY WHEATON IL 60187,+13126491337,2021-01-21,2024-07-10,E0125
E0780,Debra,Rodriguez,Other,Logistics,6927 CHERRY BLVD AURORA IL 60502,224-544-7168,2014-05-27,,E0126
E0781,Helen,Lewis,Other,HR,"4647 Franklin Court, Elgin, IL 60120",3123984645,2016-06-25,,E0130
E0782,Joshua,Walker,Other,HR,661 WASHINGTON CT NAPERVILLE IL 60540,630-821-2457,2018-11-13,,E0133
E0783,Daniel,Turner,Other,Maintenance,"797 Cedar Avenue, Oak Brook, IL 60523",(847) 648-4539,2008-06-11,,E0119
E0784,Brandon,Myers,Other,Quality,5758 RIDGE CT WHEATON IL 60187,(847) 610-7619,2020-01-08,,E0120
E0785,Jessica,Martinez,Other,Procurement,3183 MAPLE DR WHEATON IL 60187,+13122446321,2008-12-19,2023-07-05,E0119
E0786,Brandon,Morgan,Other,Plant,3778 MILL CT SUITE 4A SCHAUMBURG IL 60173,847-369-5288,2011-06-28,,E0118
E0787,Rebecca,Robinson,Other,HR,1029 JACKSON AVE NAPERVILLE IL 60540,+18472897769,2020-04-21,,E0131
E0788,Paul,Turner,Other,Procurement,8843 LAKE BLVD AURORA IL 60502,+13124967142,2016-11-08,,E0129
E0789,Amanda,Garcia,Other,Procurement,3076 JACKSON WY UNIT 21A BOLINGBROOK IL 60440,847-850-1113,2019-05-29,,E0126
E0790,Brenda,Harris,Other,Plant,"971 Lincoln Rd, Schaumburg, IL 60173",(708) 970-5849,2009-04-09,,E0125
E0791,Carolyn,Flores,Other,IT,"5816 Maple Dr, Wheaton, IL 60187",+12247974039,2013-07-14,,E0128
E0792,Steven,Gray,Other,Finance,"1653 Adams Street, Suite 24B, Aurora, IL 60502",630-717-3591,2013-03-10,,E0129
E0793,Timothy,Harris,Other,Maintenance,4844 FRANKLIN ST SUITE 14A NAPERVILLE IL 60540,312-706-7494,2008-02-10,,E0125
E0794,Daniel,Long,Other,Finance,4310 BIRCH DR SUITE 16A WHEATON IL 60187,2248802018,2021-07-14,,E0123
E0795,Steven,Scott,Other,Plant,7756 ADAMS WY OAK BROOK IL 60523,+16303926935,2013-10-02,2024-11-19,E0127
E0796,Raymond,Scott,Other,Finance,"7054 Mill Court, Schaumburg, IL 60173",331-518-5277,2020-08-18,2023-11-13,E0129
E0797,Anthony,Martin,Other,Quality,6726 WASHINGTON DR JOLIET IL 60435,(224) 677-4478,2009-11-14,,E0124
E0798,Patrick,Flores,Other,Maintenance,8967 JEFFERSON WY WHEATON IL 60187,(847) 626-3688,2010-02-10,,E0132
E0799,Barbara,Stewart,Other,HR,"7898 Maple Boulevard, Apt 19A, Wheaton, IL 60187",847-911-8140,2012-08-02,,E0125
E0800,Emily,Lee,Other,Quality,"933 Oak Road, Bolingbrook, IL 60440",708-705-2004,2020-05-15,,E0118
E0801,Joseph,Wood,Other,Logistics,"305 Park Road, Suite 26A, Oak Brook, IL 60523",+16306516237,2015-03-01,,E0124
E0802,Raymond,Hall,Other,IT,"7972 Willow Rd, Oak Brook, IL 60523",7085191085,2015-06-01,2023-06-13,E0130
E0803,Kimberly,Scott,Other,HR,4843 JEFFERSON CT APT 30A JOLIET IL 60435,+16302438249,2008-11-09,,E0127
