file,source,pulled,licence
p60-027_income_1956.pdf,"Current Population Reports, Series P-60, No. 27, Income of Families and Persons in the United States: 1956 (April 1958). Scan published by the Census Bureau at www2.census.gov/prod2/popscan/p60-027.pdf; copy taken from the GovDocs1 corpus (digitalcorpora.org, docid 917207), unchanged",2026-10-09,US government work, public domain
p60-037_income_1960.pdf,"Series P-60, No. 37, Income of Families and Persons in the United States: 1960 (January 1962). www2.census.gov/prod2/popscan/p60-037.pdf via GovDocs1 docid 917662, unchanged",2026-10-09,US government work, public domain
p60-039_income_1961.pdf,"Series P-60, No. 39, Income of Families and Persons in the United States: 1961 (February 1963). www2.census.gov/prod2/popscan/p60-039.pdf via GovDocs1 docid 917782, unchanged",2026-10-09,US government work, public domain
p60-016_income_of_persons_1953.pdf,"Series P-60, No. 16, Income of Persons in the United States: 1953 (May 1955). www2.census.gov/prod2/popscan/p60-016.pdf via GovDocs1 docid 916830, unchanged",2026-10-09,US government work, public domain
f01AR.html,"Historical Income Tables, Families, Table F-1 (all races), census.gov/hhes/www/income/histinc/f01AR.html as captured in GovDocs1 docid 177551",2026-10-09,US government work, public domain
f07ar.html,"Historical Income Tables, Families, Table F-7 type of family by median and mean income, histinc/f07ar.html, GovDocs1 docid 378535",2026-10-09,US government work, public domain
p02.html,"Historical Income Tables, People, Table P-2, histinc/p02.html, GovDocs1 docid 199800",2026-10-09,US government work, public domain
p03.html,"Historical Income Tables, People, Table P-3, histinc/p03.html, GovDocs1 docid 199933",2026-10-09,US government work, public domain
hstchg.html,"Changes in Methodology for the March Current Population Survey, histinc/hstchg.html, GovDocs1 docid 394121",2026-10-09,US government work, public domain
