year,respondents,figure,sampling_error,status,reason
1972,1597,46.6,,published,
1973,1499,47.2,,published,
1975,1478,40.0,1.84,published,
1976,1495,43.0,1.66,published,
1978,1528,38.4,1.98,published,
1980,1461,42.7,2.07,published,
1983,800,34.9,2.02,published,
1984,1461,49.2,1.72,published,
1986,1466,37.4,1.79,published,
1987,1808,43.1,1.72,published,
1988,990,39.5,1.98,published,
1989,1030,40.1,1.71,published,
1990,898,37.6,2.27,published,
1991,1013,38.1,1.79,published,
1993,1052,33.6,1.78,published,
1994,1995,33.5,1.46,published,
1996,1915,32.9,1.21,published,
1998,2346,36.7,1.21,published,
2000,1879,35.1,1.41,published,
2002,910,33.8,2.15,published,
2004,875,33.9,1.69,published,
2006,2509,32.5,1.27,published,
2008,1365,32.2,1.63,published,
2010,1372,32.1,1.81,published,
2012,1331,31.8,1.91,published,
2014,1683,29.6,1.52,published,
2016,1946,31.9,1.50,published,
2018,1556,33.8,1.68,"published, carried as the latest figure",
2021,0,,,no figure,standard question not fielded; 2664 respondents received the experimental versions TRUSTV and TRUSTNV only (rule 3)
2022,1198,26.2,2.48,withdrawn,"standard question fielded only to 1198 in person, phone and multimode respondents; 1167 web and multimode respondents received the experimental versions TRUSTV and TRUSTNV, so the figure is not from the full sample (rule 3)"
2024,946,24.8,2.08,not published,"standard question fielded only to 946 in person, phone and multimode respondents; 1218 web and multimode respondents received the experimental versions TRUSTV and TRUSTNV, so the figure is not from the full sample (rule 3)"
