year,respondents,figure (%),sampling error,note
1972,1597,46.6,,
1973,1499,47.2,,
1975,1478,40.0,1.84,
1976,1495,43.0,1.66,
1978,1528,38.4,1.98,
1980,1461,42.7,2.07,
1983,800,34.9,2.02,
1984,1461,49.2,1.72,
1986,1466,37.4,1.79,
1987,1808,43.1,1.72,
1988,990,39.5,1.98,
1989,1030,40.1,1.71,
1990,898,37.6,2.27,
1991,1013,38.1,1.79,
1993,1052,33.6,1.78,
1994,1995,33.5,1.46,
1996,1915,32.9,1.21,
1998,2346,36.7,1.21,
2000,1879,35.1,1.41,
2002,910,33.8,2.15,
2004,875,33.9,1.69,
2006,2509,32.5,1.27,
2008,1365,32.2,1.63,
2010,1372,32.1,1.81,
2012,1331,31.8,1.91,
2014,1683,29.6,1.52,
2016,1946,31.9,1.50,
2018,1556,33.8,1.68,
2021,,,,not fielded
2022,1198,26.2,2.48,
