indicator,response counted,1987 figure (%),1987 respondents,2014 figure (%),2014 respondents
Very happy,very happy,33.6,1780,32.5,2530
Most people can be trusted,most people can be trusted,43.6,1808,30.3,1683
Favours the death penalty for persons convicted of murder,favor,73.5,1685,65.0,2379
Favours a police permit before a person can buy a gun,favor,71.0,1780,72.5,1693
Use of marijuana should be made legal,should be legal,16.4,1761,55.4,1574
Abortion should be possible if the woman wants it for any reason,yes,39.9,1730,45.2,1653
Too little is being spent on welfare,too little,23.3,568,19.8,1224
Too little is being spent on improving and protecting the environment,too little,68.7,569,58.0,1244
Too little is being spent on parks and recreation,too little,30.8,1727,30.9,2489
Pretty well satisfied with present financial situation,pretty well satisfied,30.1,1811,27.0,2532
Afraid to walk alone at night within a mile of home,yes,37.3,1804,31.0,1704
Liberal,"extremely liberal, liberal or slightly liberal",27.5,1679,25.8,2449
"Democrat, including independents close to the Democrats","strong democrat, not very strong democrat, or independent close to democrat",49.9,1809,44.7,2512
No religious preference,none,7.1,1812,20.7,2518
A great deal of confidence in the people running the press,a great deal,18.4,1769,7.5,1663
A great deal of confidence in the people running medicine,a great deal,52.7,1792,38.4,1676
A person with an incurable disease has the right to end their own life,yes,,,59.7,1632
The Bible is the actual word of God,word of god,36.1,1166,32.2,2489
People get ahead by their own hard work,hard work most important,66.1,1798,70.7,1700
A good idea for older people to share a home with their grown children,a good idea,52.1,1801,54.8,1673
