indicator,2014 figure (%),2024 figure (%),change (points),standard error,moved
Very happy,31.9,23.4,-8.5,1.19,Yes
Own health is excellent,25.8,18.9,-6.9,1.26,Yes
Favours the death penalty for persons convicted of murder,65.7,62.1,-3.6,1.44,Yes
Favours a police permit before a person can buy a gun,71.9,68.5,-3.4,1.48,Yes
A great deal of confidence in the people running television,10.2,8.2,-2.0,0.95,Yes
Abortion should be possible if the woman wants it for any reason,45.0,58.0,13.0,1.62,Yes
Too little is being spent on welfare,19.5,33.4,13.9,1.63,Yes
Too little is being spent on improving and protecting the environment,58.2,65.7,7.5,1.82,Yes
Too little is being spent on parks and recreation,30.8,,,,not fielded in 2024
Pretty well satisfied with present financial situation,27.3,22.6,-4.7,1.15,Yes
Afraid to walk alone at night within a mile of home,30.3,32.8,2.6,1.49,No
Liberal,25.8,27.5,1.7,1.19,No
"Democrat, including independents close to the Democrats",43.6,35.9,-7.7,1.30,Yes
No religious preference,21.0,25.7,4.7,1.11,Yes
A great deal of confidence in the people running the press,7.8,7.5,-0.3,0.87,No
A great deal of confidence in the people running medicine,39.1,26.3,-12.8,1.52,Yes
"Moderate, middle of the road",40.3,37.5,-2.9,1.31,Yes
Identifies with the lower class,8.0,9.7,1.7,0.75,Yes
Strongly agrees that America is a better country than most other countries,26.4,22.5,-3.9,1.64,Yes
A good idea for older people to share a home with their grown children,54.9,,,,not fielded in 2024
