file,format,rows_or_lines,bytes,description,publisher,source,pulled,licence
gss_all.parquet,Parquet,75699,23805487,"General Social Survey Cumulative Data File 1972 to 2024, Release 3: 75,699 respondent records, 6,942 variables, every variable stored as numeric codes. Converted by the task author with pyreadr and pyarrow from data/gss_all.rda in the gssr R package, values unchanged (missing responses of every kind are empty values, as in the source file).","NORC at the University of Chicago, General Social Survey; packaged by Kieran Healy (gssr 0.9); conversion by the task author","https://github.com/kjhealy/gssr (data/gss_all.rda), itself built from NORC gss7224_r3.dta; converted to Parquet",2026-10-07,GSS data are public use; gssr package MIT (gssr_LICENSE.md)
gss_codebook_1972_2024.txt,TXT,72940,4536125,"Variable codebook for the cumulative file: label, question text, codes and labels, years and ballots, and unweighted record counts by year for 6,943 variables. Plain text rendering of the gssrdoc R package documentation, which was generated from NORC GSS Data Explorer pages.","NORC GSS Data Explorer, via gssrdoc by Kieran Healy; rendering by the task author",https://github.com/kjhealy/gssrdoc (man/*.Rd),2026-10-07,as above
gssr_README.md,Markdown,385,17167,README of the gssr package: what the data objects are and how NORC releases are tracked.,Kieran Healy,https://github.com/kjhealy/gssr,2026-10-07,MIT
gssr_NEWS.md,Markdown,103,5404,"Release notes of the gssr package, including the move to Release 3 of the 1972 to 2024 cumulative file.",Kieran Healy,https://github.com/kjhealy/gssr,2026-10-07,MIT
gssr_DESCRIPTION.txt,TXT,38,1161,Package metadata (version 0.9).,Kieran Healy,https://github.com/kjhealy/gssr,2026-10-07,MIT
gssr_data_documentation.R,R,156,7437,"Roxygen documentation of the data objects: gss_all is Release 3 of the 1972 to 2024 cumulative file, 75,699 rows and 6,942 columns.",Kieran Healy,https://github.com/kjhealy/gssr (R/data.R),2026-10-07,MIT
gssr_LICENSE.md,Markdown,21,1071,Licence of the gssr package.,Kieran Healy,https://github.com/kjhealy/gssr,2026-10-07,MIT
attitudes_table_2016_edition.csv,CSV,20,1763,"Scenario document: the previous (2016) edition of the compendium's attitudes table, twenty indicators with their 1987 and 2014 figures and respondent counts, computed by the task author from the cumulative file by the method in edition_2016_method_note.md.",task author,computed from gss_all.parquet,2026-10-07,
edition_2016_method_note.md,Markdown,13,939,Scenario document: the method note of the 2016 edition.,task author,written for this task,2026-10-07,
attitudes_chapter_standard.md,Markdown,37,2533,Scenario document: the chapter standard the 2026 table is built under.,task author,written for this task,2026-10-07,
research_draft_2026.csv,CSV,20,1499,"Scenario document: Research's draft of the 2026 table, 2014 and 2024 figures with change, standard error and moved flag, as circulated. Computed by the task author from the cumulative file by the method Research used, which is not recorded in the workspace.",task author,computed from gss_all.parquet,2026-10-07,
editor_draft_2026.csv,CSV,20,1495,"Scenario document: the editor's draft of the 2026 table, same layout, as circulated. Computed by the task author from the cumulative file by the method the editor used, which is not recorded in the workspace.",task author,computed from gss_all.parquet,2026-10-07,
